origin_date,target,target_end_date,horizon,location,output_type,output_type_id,value
2026-01-21,ILI incidence,2026-01-18,1,AT,quantile,0.01,1301.59
2026-01-21,ILI incidence,2026-01-25,2,AT,quantile,0.01,726.49
2026-01-21,ILI incidence,2026-02-01,3,AT,quantile,0.01,385.80
2026-01-21,ILI incidence,2026-02-08,4,AT,quantile,0.01,197.60
2026-01-21,ILI incidence,2026-01-18,1,AT,quantile,0.025,1320.25
2026-01-21,ILI incidence,2026-01-25,2,AT,quantile,0.025,734.89
2026-01-21,ILI incidence,2026-02-01,3,AT,quantile,0.025,391.80
2026-01-21,ILI incidence,2026-02-08,4,AT,quantile,0.025,200.70
2026-01-21,ILI incidence,2026-01-18,1,AT,quantile,0.05,1342.93
2026-01-21,ILI incidence,2026-01-25,2,AT,quantile,0.05,754.76
2026-01-21,ILI incidence,2026-02-01,3,AT,quantile,0.05,404.02
2026-01-21,ILI incidence,2026-02-08,4,AT,quantile,0.05,207.79
2026-01-21,ILI incidence,2026-01-18,1,AT,quantile,0.1,1396.84
2026-01-21,ILI incidence,2026-01-25,2,AT,quantile,0.1,808.60
2026-01-21,ILI incidence,2026-02-01,3,AT,quantile,0.1,446.10
2026-01-21,ILI incidence,2026-02-08,4,AT,quantile,0.1,239.96
2026-01-21,ILI incidence,2026-01-18,1,AT,quantile,0.15,1441.00
2026-01-21,ILI incidence,2026-01-25,2,AT,quantile,0.15,839.78
2026-01-21,ILI incidence,2026-02-01,3,AT,quantile,0.15,466.60
2026-01-21,ILI incidence,2026-02-08,4,AT,quantile,0.15,252.07
2026-01-21,ILI incidence,2026-01-18,1,AT,quantile,0.2,1465.14
2026-01-21,ILI incidence,2026-01-25,2,AT,quantile,0.2,864.40
2026-01-21,ILI incidence,2026-02-01,3,AT,quantile,0.2,484.62
2026-01-21,ILI incidence,2026-02-08,4,AT,quantile,0.2,263.52
2026-01-21,ILI incidence,2026-01-18,1,AT,quantile,0.25,1496.07
2026-01-21,ILI incidence,2026-01-25,2,AT,quantile,0.25,887.65
2026-01-21,ILI incidence,2026-02-01,3,AT,quantile,0.25,506.98
2026-01-21,ILI incidence,2026-02-08,4,AT,quantile,0.25,280.70
2026-01-21,ILI incidence,2026-01-18,1,AT,quantile,0.3,1597.51
2026-01-21,ILI incidence,2026-01-25,2,AT,quantile,0.3,973.90
2026-01-21,ILI incidence,2026-02-01,3,AT,quantile,0.3,549.64
2026-01-21,ILI incidence,2026-02-08,4,AT,quantile,0.3,295.90
2026-01-21,ILI incidence,2026-01-18,1,AT,quantile,0.35,1618.75
2026-01-21,ILI incidence,2026-01-25,2,AT,quantile,0.35,989.96
2026-01-21,ILI incidence,2026-02-01,3,AT,quantile,0.35,564.75
2026-01-21,ILI incidence,2026-02-08,4,AT,quantile,0.35,307.67
2026-01-21,ILI incidence,2026-01-18,1,AT,quantile,0.4,1631.56
2026-01-21,ILI incidence,2026-01-25,2,AT,quantile,0.4,1002.06
2026-01-21,ILI incidence,2026-02-01,3,AT,quantile,0.4,580.66
2026-01-21,ILI incidence,2026-02-08,4,AT,quantile,0.4,325.40
2026-01-21,ILI incidence,2026-01-18,1,AT,quantile,0.45,1639.10
2026-01-21,ILI incidence,2026-01-25,2,AT,quantile,0.45,1013.70
2026-01-21,ILI incidence,2026-02-01,3,AT,quantile,0.45,592.75
2026-01-21,ILI incidence,2026-02-08,4,AT,quantile,0.45,333.40
2026-01-21,ILI incidence,2026-01-18,1,AT,quantile,0.5,1647.35
2026-01-21,ILI incidence,2026-01-25,2,AT,quantile,0.5,1025.05
2026-01-21,ILI incidence,2026-02-01,3,AT,quantile,0.5,606.60
2026-01-21,ILI incidence,2026-02-08,4,AT,quantile,0.5,344.25
2026-01-21,ILI incidence,2026-01-18,1,AT,quantile,0.55,1656.64
2026-01-21,ILI incidence,2026-01-25,2,AT,quantile,0.55,1036.79
2026-01-21,ILI incidence,2026-02-01,3,AT,quantile,0.55,614.90
2026-01-21,ILI incidence,2026-02-08,4,AT,quantile,0.55,352.22
2026-01-21,ILI incidence,2026-01-18,1,AT,quantile,0.6,1663.30
2026-01-21,ILI incidence,2026-01-25,2,AT,quantile,0.6,1047.28
2026-01-21,ILI incidence,2026-02-01,3,AT,quantile,0.6,622.98
2026-01-21,ILI incidence,2026-02-08,4,AT,quantile,0.6,359.38
2026-01-21,ILI incidence,2026-01-18,1,AT,quantile,0.65,1672.74
2026-01-21,ILI incidence,2026-01-25,2,AT,quantile,0.65,1059.40
2026-01-21,ILI incidence,2026-02-01,3,AT,quantile,0.65,634.93
2026-01-21,ILI incidence,2026-02-08,4,AT,quantile,0.65,365.97
2026-01-21,ILI incidence,2026-01-18,1,AT,quantile,0.7,1685.43
2026-01-21,ILI incidence,2026-01-25,2,AT,quantile,0.7,1072.70
2026-01-21,ILI incidence,2026-02-01,3,AT,quantile,0.7,655.45
2026-01-21,ILI incidence,2026-02-08,4,AT,quantile,0.7,385.16
2026-01-21,ILI incidence,2026-01-18,1,AT,quantile,0.75,1717.00
2026-01-21,ILI incidence,2026-01-25,2,AT,quantile,0.75,1093.45
2026-01-21,ILI incidence,2026-02-01,3,AT,quantile,0.75,673.58
2026-01-21,ILI incidence,2026-02-08,4,AT,quantile,0.75,394.43
2026-01-21,ILI incidence,2026-01-18,1,AT,quantile,0.8,1759.02
2026-01-21,ILI incidence,2026-01-25,2,AT,quantile,0.8,1125.66
2026-01-21,ILI incidence,2026-02-01,3,AT,quantile,0.8,688.22
2026-01-21,ILI incidence,2026-02-08,4,AT,quantile,0.8,414.74
2026-01-21,ILI incidence,2026-01-18,1,AT,quantile,0.85,1792.41
2026-01-21,ILI incidence,2026-01-25,2,AT,quantile,0.85,1213.11
2026-01-21,ILI incidence,2026-02-01,3,AT,quantile,0.85,768.34
2026-01-21,ILI incidence,2026-02-08,4,AT,quantile,0.85,457.29
2026-01-21,ILI incidence,2026-01-18,1,AT,quantile,0.9,1895.48
2026-01-21,ILI incidence,2026-01-25,2,AT,quantile,0.9,1240.05
2026-01-21,ILI incidence,2026-02-01,3,AT,quantile,0.9,785.31
2026-01-21,ILI incidence,2026-02-08,4,AT,quantile,0.9,489.21
2026-01-21,ILI incidence,2026-01-18,1,AT,quantile,0.95,1932.40
2026-01-21,ILI incidence,2026-01-25,2,AT,quantile,0.95,1297.53
2026-01-21,ILI incidence,2026-02-01,3,AT,quantile,0.95,835.07
2026-01-21,ILI incidence,2026-02-08,4,AT,quantile,0.95,516.81
2026-01-21,ILI incidence,2026-01-18,1,AT,quantile,0.975,2023.13
2026-01-21,ILI incidence,2026-01-25,2,AT,quantile,0.975,1397.53
2026-01-21,ILI incidence,2026-02-01,3,AT,quantile,0.975,918.31
2026-01-21,ILI incidence,2026-02-08,4,AT,quantile,0.975,580.22
2026-01-21,ILI incidence,2026-01-18,1,AT,quantile,0.99,2041.01
2026-01-21,ILI incidence,2026-01-25,2,AT,quantile,0.99,1413.11
2026-01-21,ILI incidence,2026-02-01,3,AT,quantile,0.99,931.30
2026-01-21,ILI incidence,2026-02-08,4,AT,quantile,0.99,588.41
2026-01-21,ILI incidence,2026-01-18,1,CZ,quantile,0.01,57.90
2026-01-21,ILI incidence,2026-01-25,2,CZ,quantile,0.01,65.20
2026-01-21,ILI incidence,2026-02-01,3,CZ,quantile,0.01,72.30
2026-01-21,ILI incidence,2026-02-08,4,CZ,quantile,0.01,79.26
2026-01-21,ILI incidence,2026-01-18,1,CZ,quantile,0.025,58.98
2026-01-21,ILI incidence,2026-01-25,2,CZ,quantile,0.025,66.36
2026-01-21,ILI incidence,2026-02-01,3,CZ,quantile,0.025,73.80
2026-01-21,ILI incidence,2026-02-08,4,CZ,quantile,0.025,81.18
2026-01-21,ILI incidence,2026-01-18,1,CZ,quantile,0.05,59.90
2026-01-21,ILI incidence,2026-01-25,2,CZ,quantile,0.05,67.70
2026-01-21,ILI incidence,2026-02-01,3,CZ,quantile,0.05,75.54
2026-01-21,ILI incidence,2026-02-08,4,CZ,quantile,0.05,82.68
2026-01-21,ILI incidence,2026-01-18,1,CZ,quantile,0.1,60.78
2026-01-21,ILI incidence,2026-01-25,2,CZ,quantile,0.1,69.24
2026-01-21,ILI incidence,2026-02-01,3,CZ,quantile,0.1,77.34
2026-01-21,ILI incidence,2026-02-08,4,CZ,quantile,0.1,84.84
2026-01-21,ILI incidence,2026-01-18,1,CZ,quantile,0.15,61.40
2026-01-21,ILI incidence,2026-01-25,2,CZ,quantile,0.15,69.89
2026-01-21,ILI incidence,2026-02-01,3,CZ,quantile,0.15,78.35
2026-01-21,ILI incidence,2026-02-08,4,CZ,quantile,0.15,86.27
2026-01-21,ILI incidence,2026-01-18,1,CZ,quantile,0.2,61.90
2026-01-21,ILI incidence,2026-01-25,2,CZ,quantile,0.2,70.50
2026-01-21,ILI incidence,2026-02-01,3,CZ,quantile,0.2,79.25
2026-01-21,ILI incidence,2026-02-08,4,CZ,quantile,0.2,87.20
2026-01-21,ILI incidence,2026-01-18,1,CZ,quantile,0.25,62.33
2026-01-21,ILI incidence,2026-01-25,2,CZ,quantile,0.25,71.10
2026-01-21,ILI incidence,2026-02-01,3,CZ,quantile,0.25,79.92
2026-01-21,ILI incidence,2026-02-08,4,CZ,quantile,0.25,88.08
2026-01-21,ILI incidence,2026-01-18,1,CZ,quantile,0.3,62.70
2026-01-21,ILI incidence,2026-01-25,2,CZ,quantile,0.3,71.76
2026-01-21,ILI incidence,2026-02-01,3,CZ,quantile,0.3,80.52
2026-01-21,ILI incidence,2026-02-08,4,CZ,quantile,0.3,88.98
2026-01-21,ILI incidence,2026-01-18,1,CZ,quantile,0.35,63.12
2026-01-21,ILI incidence,2026-01-25,2,CZ,quantile,0.35,72.18
2026-01-21,ILI incidence,2026-02-01,3,CZ,quantile,0.35,81.24
2026-01-21,ILI incidence,2026-02-08,4,CZ,quantile,0.35,90.06
2026-01-21,ILI incidence,2026-01-18,1,CZ,quantile,0.4,63.54
2026-01-21,ILI incidence,2026-01-25,2,CZ,quantile,0.4,72.66
2026-01-21,ILI incidence,2026-02-01,3,CZ,quantile,0.4,82.02
2026-01-21,ILI incidence,2026-02-08,4,CZ,quantile,0.4,90.78
2026-01-21,ILI incidence,2026-01-18,1,CZ,quantile,0.45,63.90
2026-01-21,ILI incidence,2026-01-25,2,CZ,quantile,0.45,73.10
2026-01-21,ILI incidence,2026-02-01,3,CZ,quantile,0.45,82.60
2026-01-21,ILI incidence,2026-02-08,4,CZ,quantile,0.45,91.56
2026-01-21,ILI incidence,2026-01-18,1,CZ,quantile,0.5,64.26
2026-01-21,ILI incidence,2026-01-25,2,CZ,quantile,0.5,73.56
2026-01-21,ILI incidence,2026-02-01,3,CZ,quantile,0.5,83.10
2026-01-21,ILI incidence,2026-02-08,4,CZ,quantile,0.5,92.28
2026-01-21,ILI incidence,2026-01-18,1,CZ,quantile,0.55,64.60
2026-01-21,ILI incidence,2026-01-25,2,CZ,quantile,0.55,73.98
2026-01-21,ILI incidence,2026-02-01,3,CZ,quantile,0.55,83.70
2026-01-21,ILI incidence,2026-02-08,4,CZ,quantile,0.55,93.18
2026-01-21,ILI incidence,2026-01-18,1,CZ,quantile,0.6,65.00
2026-01-21,ILI incidence,2026-01-25,2,CZ,quantile,0.6,74.50
2026-01-21,ILI incidence,2026-02-01,3,CZ,quantile,0.6,84.42
2026-01-21,ILI incidence,2026-02-08,4,CZ,quantile,0.6,94.02
2026-01-21,ILI incidence,2026-01-18,1,CZ,quantile,0.65,65.34
2026-01-21,ILI incidence,2026-01-25,2,CZ,quantile,0.65,75.00
2026-01-21,ILI incidence,2026-02-01,3,CZ,quantile,0.65,85.08
2026-01-21,ILI incidence,2026-02-08,4,CZ,quantile,0.65,94.76
2026-01-21,ILI incidence,2026-01-18,1,CZ,quantile,0.7,65.76
2026-01-21,ILI incidence,2026-01-25,2,CZ,quantile,0.7,75.50
2026-01-21,ILI incidence,2026-02-01,3,CZ,quantile,0.7,85.70
2026-01-21,ILI incidence,2026-02-08,4,CZ,quantile,0.7,95.50
2026-01-21,ILI incidence,2026-01-18,1,CZ,quantile,0.75,66.10
2026-01-21,ILI incidence,2026-01-25,2,CZ,quantile,0.75,76.09
2026-01-21,ILI incidence,2026-02-01,3,CZ,quantile,0.75,86.50
2026-01-21,ILI incidence,2026-02-08,4,CZ,quantile,0.75,96.51
2026-01-21,ILI incidence,2026-01-18,1,CZ,quantile,0.8,66.50
2026-01-21,ILI incidence,2026-01-25,2,CZ,quantile,0.8,76.70
2026-01-21,ILI incidence,2026-02-01,3,CZ,quantile,0.8,87.50
2026-01-21,ILI incidence,2026-02-08,4,CZ,quantile,0.8,97.75
2026-01-21,ILI incidence,2026-01-18,1,CZ,quantile,0.85,67.00
2026-01-21,ILI incidence,2026-01-25,2,CZ,quantile,0.85,77.52
2026-01-21,ILI incidence,2026-02-01,3,CZ,quantile,0.85,88.40
2026-01-21,ILI incidence,2026-02-08,4,CZ,quantile,0.85,99.21
2026-01-21,ILI incidence,2026-01-18,1,CZ,quantile,0.9,67.68
2026-01-21,ILI incidence,2026-01-25,2,CZ,quantile,0.9,78.61
2026-01-21,ILI incidence,2026-02-01,3,CZ,quantile,0.9,90.06
2026-01-21,ILI incidence,2026-02-08,4,CZ,quantile,0.9,100.91
2026-01-21,ILI incidence,2026-01-18,1,CZ,quantile,0.95,68.52
2026-01-21,ILI incidence,2026-01-25,2,CZ,quantile,0.95,79.90
2026-01-21,ILI incidence,2026-02-01,3,CZ,quantile,0.95,92.10
2026-01-21,ILI incidence,2026-02-08,4,CZ,quantile,0.95,104.11
2026-01-21,ILI incidence,2026-01-18,1,CZ,quantile,0.975,69.24
2026-01-21,ILI incidence,2026-01-25,2,CZ,quantile,0.975,80.88
2026-01-21,ILI incidence,2026-02-01,3,CZ,quantile,0.975,93.80
2026-01-21,ILI incidence,2026-02-08,4,CZ,quantile,0.975,106.30
2026-01-21,ILI incidence,2026-01-18,1,CZ,quantile,0.99,70.32
2026-01-21,ILI incidence,2026-01-25,2,CZ,quantile,0.99,82.60
2026-01-21,ILI incidence,2026-02-01,3,CZ,quantile,0.99,96.51
2026-01-21,ILI incidence,2026-02-08,4,CZ,quantile,0.99,110.10
2026-01-21,ILI incidence,2026-01-18,1,FR,quantile,0.01,292.59
2026-01-21,ILI incidence,2026-01-25,2,FR,quantile,0.01,298.40
2026-01-21,ILI incidence,2026-02-01,3,FR,quantile,0.01,295.20
2026-01-21,ILI incidence,2026-02-08,4,FR,quantile,0.01,279.90
2026-01-21,ILI incidence,2026-01-18,1,FR,quantile,0.025,295.69
2026-01-21,ILI incidence,2026-01-25,2,FR,quantile,0.025,302.48
2026-01-21,ILI incidence,2026-02-01,3,FR,quantile,0.025,298.50
2026-01-21,ILI incidence,2026-02-08,4,FR,quantile,0.025,285.89
2026-01-21,ILI incidence,2026-01-18,1,FR,quantile,0.05,301.60
2026-01-21,ILI incidence,2026-01-25,2,FR,quantile,0.05,306.89
2026-01-21,ILI incidence,2026-02-01,3,FR,quantile,0.05,304.50
2026-01-21,ILI incidence,2026-02-08,4,FR,quantile,0.05,290.59
2026-01-21,ILI incidence,2026-01-18,1,FR,quantile,0.1,312.07
2026-01-21,ILI incidence,2026-01-25,2,FR,quantile,0.1,316.37
2026-01-21,ILI incidence,2026-02-01,3,FR,quantile,0.1,311.38
2026-01-21,ILI incidence,2026-02-08,4,FR,quantile,0.1,297.50
2026-01-21,ILI incidence,2026-01-18,1,FR,quantile,0.15,319.60
2026-01-21,ILI incidence,2026-01-25,2,FR,quantile,0.15,326.67
2026-01-21,ILI incidence,2026-02-01,3,FR,quantile,0.15,319.88
2026-01-21,ILI incidence,2026-02-08,4,FR,quantile,0.15,307.32
2026-01-21,ILI incidence,2026-01-18,1,FR,quantile,0.2,325.26
2026-01-21,ILI incidence,2026-01-25,2,FR,quantile,0.2,333.82
2026-01-21,ILI incidence,2026-02-01,3,FR,quantile,0.2,330.67
2026-01-21,ILI incidence,2026-02-08,4,FR,quantile,0.2,317.10
2026-01-21,ILI incidence,2026-01-18,1,FR,quantile,0.25,329.30
2026-01-21,ILI incidence,2026-01-25,2,FR,quantile,0.25,339.10
2026-01-21,ILI incidence,2026-02-01,3,FR,quantile,0.25,341.69
2026-01-21,ILI incidence,2026-02-08,4,FR,quantile,0.25,334.93
2026-01-21,ILI incidence,2026-01-18,1,FR,quantile,0.3,332.80
2026-01-21,ILI incidence,2026-01-25,2,FR,quantile,0.3,345.50
2026-01-21,ILI incidence,2026-02-01,3,FR,quantile,0.3,351.34
2026-01-21,ILI incidence,2026-02-08,4,FR,quantile,0.3,344.00
2026-01-21,ILI incidence,2026-01-18,1,FR,quantile,0.35,336.26
2026-01-21,ILI incidence,2026-01-25,2,FR,quantile,0.35,350.67
2026-01-21,ILI incidence,2026-02-01,3,FR,quantile,0.35,356.70
2026-01-21,ILI incidence,2026-02-08,4,FR,quantile,0.35,350.30
2026-01-21,ILI incidence,2026-01-18,1,FR,quantile,0.4,339.50
2026-01-21,ILI incidence,2026-01-25,2,FR,quantile,0.4,355.58
2026-01-21,ILI incidence,2026-02-01,3,FR,quantile,0.4,360.52
2026-01-21,ILI incidence,2026-02-08,4,FR,quantile,0.4,355.38
2026-01-21,ILI incidence,2026-01-18,1,FR,quantile,0.45,343.41
2026-01-21,ILI incidence,2026-01-25,2,FR,quantile,0.45,360.50
2026-01-21,ILI incidence,2026-02-01,3,FR,quantile,0.45,365.90
2026-01-21,ILI incidence,2026-02-08,4,FR,quantile,0.45,361.16
2026-01-21,ILI incidence,2026-01-18,1,FR,quantile,0.5,347.35
2026-01-21,ILI incidence,2026-01-25,2,FR,quantile,0.5,365.00
2026-01-21,ILI incidence,2026-02-01,3,FR,quantile,0.5,371.80
2026-01-21,ILI incidence,2026-02-08,4,FR,quantile,0.5,368.95
2026-01-21,ILI incidence,2026-01-18,1,FR,quantile,0.55,351.15
2026-01-21,ILI incidence,2026-01-25,2,FR,quantile,0.55,368.85
2026-01-21,ILI incidence,2026-02-01,3,FR,quantile,0.55,379.05
2026-01-21,ILI incidence,2026-02-08,4,FR,quantile,0.55,381.20
2026-01-21,ILI incidence,2026-01-18,1,FR,quantile,0.6,356.00
2026-01-21,ILI incidence,2026-01-25,2,FR,quantile,0.6,373.70
2026-01-21,ILI incidence,2026-02-01,3,FR,quantile,0.6,386.40
2026-01-21,ILI incidence,2026-02-08,4,FR,quantile,0.6,391.72
2026-01-21,ILI incidence,2026-01-18,1,FR,quantile,0.65,361.63
2026-01-21,ILI incidence,2026-01-25,2,FR,quantile,0.65,379.77
2026-01-21,ILI incidence,2026-02-01,3,FR,quantile,0.65,391.83
2026-01-21,ILI incidence,2026-02-08,4,FR,quantile,0.65,399.90
2026-01-21,ILI incidence,2026-01-18,1,FR,quantile,0.7,366.70
2026-01-21,ILI incidence,2026-01-25,2,FR,quantile,0.7,386.25
2026-01-21,ILI incidence,2026-02-01,3,FR,quantile,0.7,400.63
2026-01-21,ILI incidence,2026-02-08,4,FR,quantile,0.7,406.56
2026-01-21,ILI incidence,2026-01-18,1,FR,quantile,0.75,371.10
2026-01-21,ILI incidence,2026-01-25,2,FR,quantile,0.75,392.57
2026-01-21,ILI incidence,2026-02-01,3,FR,quantile,0.75,407.32
2026-01-21,ILI incidence,2026-02-08,4,FR,quantile,0.75,411.90
2026-01-21,ILI incidence,2026-01-18,1,FR,quantile,0.8,376.22
2026-01-21,ILI incidence,2026-01-25,2,FR,quantile,0.8,398.90
2026-01-21,ILI incidence,2026-02-01,3,FR,quantile,0.8,414.26
2026-01-21,ILI incidence,2026-02-08,4,FR,quantile,0.8,417.82
2026-01-21,ILI incidence,2026-01-18,1,FR,quantile,0.85,381.31
2026-01-21,ILI incidence,2026-01-25,2,FR,quantile,0.85,406.23
2026-01-21,ILI incidence,2026-02-01,3,FR,quantile,0.85,421.81
2026-01-21,ILI incidence,2026-02-08,4,FR,quantile,0.85,426.50
2026-01-21,ILI incidence,2026-01-18,1,FR,quantile,0.9,387.51
2026-01-21,ILI incidence,2026-01-25,2,FR,quantile,0.9,413.00
2026-01-21,ILI incidence,2026-02-01,3,FR,quantile,0.9,431.00
2026-01-21,ILI incidence,2026-02-08,4,FR,quantile,0.9,441.11
2026-01-21,ILI incidence,2026-01-18,1,FR,quantile,0.95,392.70
2026-01-21,ILI incidence,2026-01-25,2,FR,quantile,0.95,420.20
2026-01-21,ILI incidence,2026-02-01,3,FR,quantile,0.95,440.30
2026-01-21,ILI incidence,2026-02-08,4,FR,quantile,0.95,451.81
2026-01-21,ILI incidence,2026-01-18,1,FR,quantile,0.975,396.00
2026-01-21,ILI incidence,2026-01-25,2,FR,quantile,0.975,424.60
2026-01-21,ILI incidence,2026-02-01,3,FR,quantile,0.975,446.20
2026-01-21,ILI incidence,2026-02-08,4,FR,quantile,0.975,458.20
2026-01-21,ILI incidence,2026-01-18,1,FR,quantile,0.99,401.20
2026-01-21,ILI incidence,2026-01-25,2,FR,quantile,0.99,430.50
2026-01-21,ILI incidence,2026-02-01,3,FR,quantile,0.99,452.60
2026-01-21,ILI incidence,2026-02-08,4,FR,quantile,0.99,463.10
2026-01-21,ILI incidence,2026-01-18,1,GR,quantile,0.01,1295.98
2026-01-21,ILI incidence,2026-01-25,2,GR,quantile,0.01,1010.45
2026-01-21,ILI incidence,2026-02-01,3,GR,quantile,0.01,717.16
2026-01-21,ILI incidence,2026-02-08,4,GR,quantile,0.01,470.46
2026-01-21,ILI incidence,2026-01-18,1,GR,quantile,0.025,1305.47
2026-01-21,ILI incidence,2026-01-25,2,GR,quantile,0.025,1022.68
2026-01-21,ILI incidence,2026-02-01,3,GR,quantile,0.025,726.35
2026-01-21,ILI incidence,2026-02-08,4,GR,quantile,0.025,477.97
2026-01-21,ILI incidence,2026-01-18,1,GR,quantile,0.05,1324.18
2026-01-21,ILI incidence,2026-01-25,2,GR,quantile,0.05,1077.52
2026-01-21,ILI incidence,2026-02-01,3,GR,quantile,0.05,782.06
2026-01-21,ILI incidence,2026-02-08,4,GR,quantile,0.05,518.87
2026-01-21,ILI incidence,2026-01-18,1,GR,quantile,0.1,1381.16
2026-01-21,ILI incidence,2026-01-25,2,GR,quantile,0.1,1145.11
2026-01-21,ILI incidence,2026-02-01,3,GR,quantile,0.1,862.28
2026-01-21,ILI incidence,2026-02-08,4,GR,quantile,0.1,608.21
2026-01-21,ILI incidence,2026-01-18,1,GR,quantile,0.15,1409.38
2026-01-21,ILI incidence,2026-01-25,2,GR,quantile,0.15,1204.89
2026-01-21,ILI incidence,2026-02-01,3,GR,quantile,0.15,952.39
2026-01-21,ILI incidence,2026-02-08,4,GR,quantile,0.15,685.23
2026-01-21,ILI incidence,2026-01-18,1,GR,quantile,0.2,1431.13
2026-01-21,ILI incidence,2026-01-25,2,GR,quantile,0.2,1245.95
2026-01-21,ILI incidence,2026-02-01,3,GR,quantile,0.2,982.00
2026-01-21,ILI incidence,2026-02-08,4,GR,quantile,0.2,715.61
2026-01-21,ILI incidence,2026-01-18,1,GR,quantile,0.25,1462.78
2026-01-21,ILI incidence,2026-01-25,2,GR,quantile,0.25,1261.56
2026-01-21,ILI incidence,2026-02-01,3,GR,quantile,0.25,1007.36
2026-01-21,ILI incidence,2026-02-08,4,GR,quantile,0.25,744.13
2026-01-21,ILI incidence,2026-01-18,1,GR,quantile,0.3,1472.91
2026-01-21,ILI incidence,2026-01-25,2,GR,quantile,0.3,1278.37
2026-01-21,ILI incidence,2026-02-01,3,GR,quantile,0.3,1037.71
2026-01-21,ILI incidence,2026-02-08,4,GR,quantile,0.3,791.78
2026-01-21,ILI incidence,2026-01-18,1,GR,quantile,0.35,1479.40
2026-01-21,ILI incidence,2026-01-25,2,GR,quantile,0.35,1313.22
2026-01-21,ILI incidence,2026-02-01,3,GR,quantile,0.35,1077.35
2026-01-21,ILI incidence,2026-02-08,4,GR,quantile,0.35,821.41
2026-01-21,ILI incidence,2026-01-18,1,GR,quantile,0.4,1485.76
2026-01-21,ILI incidence,2026-01-25,2,GR,quantile,0.4,1330.64
2026-01-21,ILI incidence,2026-02-01,3,GR,quantile,0.4,1093.44
2026-01-21,ILI incidence,2026-02-08,4,GR,quantile,0.4,839.92
2026-01-21,ILI incidence,2026-01-18,1,GR,quantile,0.45,1503.91
2026-01-21,ILI incidence,2026-01-25,2,GR,quantile,0.45,1376.18
2026-01-21,ILI incidence,2026-02-01,3,GR,quantile,0.45,1162.90
2026-01-21,ILI incidence,2026-02-08,4,GR,quantile,0.45,903.26
2026-01-21,ILI incidence,2026-01-18,1,GR,quantile,0.5,1529.96
2026-01-21,ILI incidence,2026-01-25,2,GR,quantile,0.5,1404.60
2026-01-21,ILI incidence,2026-02-01,3,GR,quantile,0.5,1199.76
2026-01-21,ILI incidence,2026-02-08,4,GR,quantile,0.5,935.94
2026-01-21,ILI incidence,2026-01-18,1,GR,quantile,0.55,1548.34
2026-01-21,ILI incidence,2026-01-25,2,GR,quantile,0.55,1422.40
2026-01-21,ILI incidence,2026-02-01,3,GR,quantile,0.55,1220.39
2026-01-21,ILI incidence,2026-02-08,4,GR,quantile,0.55,973.58
2026-01-21,ILI incidence,2026-01-18,1,GR,quantile,0.6,1574.35
2026-01-21,ILI incidence,2026-01-25,2,GR,quantile,0.6,1440.98
2026-01-21,ILI incidence,2026-02-01,3,GR,quantile,0.6,1236.74
2026-01-21,ILI incidence,2026-02-08,4,GR,quantile,0.6,997.92
2026-01-21,ILI incidence,2026-01-18,1,GR,quantile,0.65,1598.46
2026-01-21,ILI incidence,2026-01-25,2,GR,quantile,0.65,1479.37
2026-01-21,ILI incidence,2026-02-01,3,GR,quantile,0.65,1262.07
2026-01-21,ILI incidence,2026-02-08,4,GR,quantile,0.65,1013.67
2026-01-21,ILI incidence,2026-01-18,1,GR,quantile,0.7,1627.02
2026-01-21,ILI incidence,2026-01-25,2,GR,quantile,0.7,1518.39
2026-01-21,ILI incidence,2026-02-01,3,GR,quantile,0.7,1294.74
2026-01-21,ILI incidence,2026-02-08,4,GR,quantile,0.7,1039.35
2026-01-21,ILI incidence,2026-01-18,1,GR,quantile,0.75,1643.05
2026-01-21,ILI incidence,2026-01-25,2,GR,quantile,0.75,1559.38
2026-01-21,ILI incidence,2026-02-01,3,GR,quantile,0.75,1357.33
2026-01-21,ILI incidence,2026-02-08,4,GR,quantile,0.75,1095.82
2026-01-21,ILI incidence,2026-01-18,1,GR,quantile,0.8,1658.66
2026-01-21,ILI incidence,2026-01-25,2,GR,quantile,0.8,1585.02
2026-01-21,ILI incidence,2026-02-01,3,GR,quantile,0.8,1386.06
2026-01-21,ILI incidence,2026-02-08,4,GR,quantile,0.8,1124.66
2026-01-21,ILI incidence,2026-01-18,1,GR,quantile,0.85,1672.82
2026-01-21,ILI incidence,2026-01-25,2,GR,quantile,0.85,1602.76
2026-01-21,ILI incidence,2026-02-01,3,GR,quantile,0.85,1432.25
2026-01-21,ILI incidence,2026-02-08,4,GR,quantile,0.85,1203.18
2026-01-21,ILI incidence,2026-01-18,1,GR,quantile,0.9,1688.11
2026-01-21,ILI incidence,2026-01-25,2,GR,quantile,0.9,1614.62
2026-01-21,ILI incidence,2026-02-01,3,GR,quantile,0.9,1463.56
2026-01-21,ILI incidence,2026-02-08,4,GR,quantile,0.9,1235.10
2026-01-21,ILI incidence,2026-01-18,1,GR,quantile,0.95,1703.23
2026-01-21,ILI incidence,2026-01-25,2,GR,quantile,0.95,1625.63
2026-01-21,ILI incidence,2026-02-01,3,GR,quantile,0.95,1484.24
2026-01-21,ILI incidence,2026-02-08,4,GR,quantile,0.95,1273.52
2026-01-21,ILI incidence,2026-01-18,1,GR,quantile,0.975,1713.01
2026-01-21,ILI incidence,2026-01-25,2,GR,quantile,0.975,1639.11
2026-01-21,ILI incidence,2026-02-01,3,GR,quantile,0.975,1492.00
2026-01-21,ILI incidence,2026-02-08,4,GR,quantile,0.975,1300.11
2026-01-21,ILI incidence,2026-01-18,1,GR,quantile,0.99,1721.10
2026-01-21,ILI incidence,2026-01-25,2,GR,quantile,0.99,1650.51
2026-01-21,ILI incidence,2026-02-01,3,GR,quantile,0.99,1502.70
2026-01-21,ILI incidence,2026-02-08,4,GR,quantile,0.99,1313.11
2026-01-21,ILI incidence,2026-01-18,1,NL,quantile,0.01,36.00
2026-01-21,ILI incidence,2026-01-25,2,NL,quantile,0.01,41.16
2026-01-21,ILI incidence,2026-02-01,3,NL,quantile,0.01,46.70
2026-01-21,ILI incidence,2026-02-08,4,NL,quantile,0.01,51.80
2026-01-21,ILI incidence,2026-01-18,1,NL,quantile,0.025,36.60
2026-01-21,ILI incidence,2026-01-25,2,NL,quantile,0.025,42.00
2026-01-21,ILI incidence,2026-02-01,3,NL,quantile,0.025,47.70
2026-01-21,ILI incidence,2026-02-08,4,NL,quantile,0.025,53.10
2026-01-21,ILI incidence,2026-01-18,1,NL,quantile,0.05,37.20
2026-01-21,ILI incidence,2026-01-25,2,NL,quantile,0.05,42.89
2026-01-21,ILI incidence,2026-02-01,3,NL,quantile,0.05,48.60
2026-01-21,ILI incidence,2026-02-08,4,NL,quantile,0.05,54.20
2026-01-21,ILI incidence,2026-01-18,1,NL,quantile,0.1,37.98
2026-01-21,ILI incidence,2026-01-25,2,NL,quantile,0.1,43.85
2026-01-21,ILI incidence,2026-02-01,3,NL,quantile,0.1,49.68
2026-01-21,ILI incidence,2026-02-08,4,NL,quantile,0.1,55.50
2026-01-21,ILI incidence,2026-01-18,1,NL,quantile,0.15,38.60
2026-01-21,ILI incidence,2026-01-25,2,NL,quantile,0.15,44.40
2026-01-21,ILI incidence,2026-02-01,3,NL,quantile,0.15,50.60
2026-01-21,ILI incidence,2026-02-08,4,NL,quantile,0.15,56.60
2026-01-21,ILI incidence,2026-01-18,1,NL,quantile,0.2,38.99
2026-01-21,ILI incidence,2026-01-25,2,NL,quantile,0.2,45.00
2026-01-21,ILI incidence,2026-02-01,3,NL,quantile,0.2,51.30
2026-01-21,ILI incidence,2026-02-08,4,NL,quantile,0.2,57.36
2026-01-21,ILI incidence,2026-01-18,1,NL,quantile,0.25,39.40
2026-01-21,ILI incidence,2026-01-25,2,NL,quantile,0.25,45.50
2026-01-21,ILI incidence,2026-02-01,3,NL,quantile,0.25,51.90
2026-01-21,ILI incidence,2026-02-08,4,NL,quantile,0.25,58.06
2026-01-21,ILI incidence,2026-01-18,1,NL,quantile,0.3,39.72
2026-01-21,ILI incidence,2026-01-25,2,NL,quantile,0.3,45.96
2026-01-21,ILI incidence,2026-02-01,3,NL,quantile,0.3,52.50
2026-01-21,ILI incidence,2026-02-08,4,NL,quantile,0.3,58.74
2026-01-21,ILI incidence,2026-01-18,1,NL,quantile,0.35,40.08
2026-01-21,ILI incidence,2026-01-25,2,NL,quantile,0.35,46.39
2026-01-21,ILI incidence,2026-02-01,3,NL,quantile,0.35,52.92
2026-01-21,ILI incidence,2026-02-08,4,NL,quantile,0.35,59.40
2026-01-21,ILI incidence,2026-01-18,1,NL,quantile,0.4,40.38
2026-01-21,ILI incidence,2026-01-25,2,NL,quantile,0.4,46.74
2026-01-21,ILI incidence,2026-02-01,3,NL,quantile,0.4,53.40
2026-01-21,ILI incidence,2026-02-08,4,NL,quantile,0.4,59.98
2026-01-21,ILI incidence,2026-01-18,1,NL,quantile,0.45,40.68
2026-01-21,ILI incidence,2026-01-25,2,NL,quantile,0.45,47.20
2026-01-21,ILI incidence,2026-02-01,3,NL,quantile,0.45,54.00
2026-01-21,ILI incidence,2026-02-08,4,NL,quantile,0.45,60.70
2026-01-21,ILI incidence,2026-01-18,1,NL,quantile,0.5,40.98
2026-01-21,ILI incidence,2026-01-25,2,NL,quantile,0.5,47.51
2026-01-21,ILI incidence,2026-02-01,3,NL,quantile,0.5,54.54
2026-01-21,ILI incidence,2026-02-08,4,NL,quantile,0.5,61.20
2026-01-21,ILI incidence,2026-01-18,1,NL,quantile,0.55,41.28
2026-01-21,ILI incidence,2026-01-25,2,NL,quantile,0.55,47.94
2026-01-21,ILI incidence,2026-02-01,3,NL,quantile,0.55,55.02
2026-01-21,ILI incidence,2026-02-08,4,NL,quantile,0.55,61.98
2026-01-21,ILI incidence,2026-01-18,1,NL,quantile,0.6,41.60
2026-01-21,ILI incidence,2026-01-25,2,NL,quantile,0.6,48.30
2026-01-21,ILI incidence,2026-02-01,3,NL,quantile,0.6,55.60
2026-01-21,ILI incidence,2026-02-08,4,NL,quantile,0.6,62.60
2026-01-21,ILI incidence,2026-01-18,1,NL,quantile,0.65,41.88
2026-01-21,ILI incidence,2026-01-25,2,NL,quantile,0.65,48.72
2026-01-21,ILI incidence,2026-02-01,3,NL,quantile,0.65,56.10
2026-01-21,ILI incidence,2026-02-08,4,NL,quantile,0.65,63.42
2026-01-21,ILI incidence,2026-01-18,1,NL,quantile,0.7,42.19
2026-01-21,ILI incidence,2026-01-25,2,NL,quantile,0.7,49.30
2026-01-21,ILI incidence,2026-02-01,3,NL,quantile,0.7,56.76
2026-01-21,ILI incidence,2026-02-08,4,NL,quantile,0.7,64.10
2026-01-21,ILI incidence,2026-01-18,1,NL,quantile,0.75,42.55
2026-01-21,ILI incidence,2026-01-25,2,NL,quantile,0.75,49.80
2026-01-21,ILI incidence,2026-02-01,3,NL,quantile,0.75,57.48
2026-01-21,ILI incidence,2026-02-08,4,NL,quantile,0.75,65.16
2026-01-21,ILI incidence,2026-01-18,1,NL,quantile,0.8,42.97
2026-01-21,ILI incidence,2026-01-25,2,NL,quantile,0.8,50.41
2026-01-21,ILI incidence,2026-02-01,3,NL,quantile,0.8,58.26
2026-01-21,ILI incidence,2026-02-08,4,NL,quantile,0.8,66.18
2026-01-21,ILI incidence,2026-01-18,1,NL,quantile,0.85,43.40
2026-01-21,ILI incidence,2026-01-25,2,NL,quantile,0.85,51.12
2026-01-21,ILI incidence,2026-02-01,3,NL,quantile,0.85,59.50
2026-01-21,ILI incidence,2026-02-08,4,NL,quantile,0.85,67.51
2026-01-21,ILI incidence,2026-01-18,1,NL,quantile,0.9,44.04
2026-01-21,ILI incidence,2026-01-25,2,NL,quantile,0.9,52.00
2026-01-21,ILI incidence,2026-02-01,3,NL,quantile,0.9,60.72
2026-01-21,ILI incidence,2026-02-08,4,NL,quantile,0.9,69.30
2026-01-21,ILI incidence,2026-01-18,1,NL,quantile,0.95,45.30
2026-01-21,ILI incidence,2026-01-25,2,NL,quantile,0.95,53.82
2026-01-21,ILI incidence,2026-02-01,3,NL,quantile,0.95,63.10
2026-01-21,ILI incidence,2026-02-08,4,NL,quantile,0.95,72.30
2026-01-21,ILI incidence,2026-01-18,1,NL,quantile,0.975,46.44
2026-01-21,ILI incidence,2026-01-25,2,NL,quantile,0.975,55.81
2026-01-21,ILI incidence,2026-02-01,3,NL,quantile,0.975,65.70
2026-01-21,ILI incidence,2026-02-08,4,NL,quantile,0.975,76.51
2026-01-21,ILI incidence,2026-01-18,1,NL,quantile,0.99,48.24
2026-01-21,ILI incidence,2026-01-25,2,NL,quantile,0.99,58.30
2026-01-21,ILI incidence,2026-02-01,3,NL,quantile,0.99,70.10
2026-01-21,ILI incidence,2026-02-08,4,NL,quantile,0.99,80.83
2026-01-21,ILI incidence,2026-01-18,1,PL,quantile,0.01,264.10
2026-01-21,ILI incidence,2026-01-25,2,PL,quantile,0.01,272.40
2026-01-21,ILI incidence,2026-02-01,3,PL,quantile,0.01,273.69
2026-01-21,ILI incidence,2026-02-08,4,PL,quantile,0.01,264.60
2026-01-21,ILI incidence,2026-01-18,1,PL,quantile,0.025,267.40
2026-01-21,ILI incidence,2026-01-25,2,PL,quantile,0.025,276.30
2026-01-21,ILI incidence,2026-02-01,3,PL,quantile,0.025,279.50
2026-01-21,ILI incidence,2026-02-08,4,PL,quantile,0.025,268.67
2026-01-21,ILI incidence,2026-01-18,1,PL,quantile,0.05,270.78
2026-01-21,ILI incidence,2026-01-25,2,PL,quantile,0.05,279.89
2026-01-21,ILI incidence,2026-02-01,3,PL,quantile,0.05,282.84
2026-01-21,ILI incidence,2026-02-08,4,PL,quantile,0.05,274.85
2026-01-21,ILI incidence,2026-01-18,1,PL,quantile,0.1,277.38
2026-01-21,ILI incidence,2026-01-25,2,PL,quantile,0.1,286.70
2026-01-21,ILI incidence,2026-02-01,3,PL,quantile,0.1,287.45
2026-01-21,ILI incidence,2026-02-08,4,PL,quantile,0.1,280.30
2026-01-21,ILI incidence,2026-01-18,1,PL,quantile,0.15,282.00
2026-01-21,ILI incidence,2026-01-25,2,PL,quantile,0.15,291.65
2026-01-21,ILI incidence,2026-02-01,3,PL,quantile,0.15,291.32
2026-01-21,ILI incidence,2026-02-08,4,PL,quantile,0.15,285.20
2026-01-21,ILI incidence,2026-01-18,1,PL,quantile,0.2,286.10
2026-01-21,ILI incidence,2026-01-25,2,PL,quantile,0.2,295.80
2026-01-21,ILI incidence,2026-02-01,3,PL,quantile,0.2,296.10
2026-01-21,ILI incidence,2026-02-08,4,PL,quantile,0.2,288.48
2026-01-21,ILI incidence,2026-01-18,1,PL,quantile,0.25,288.80
2026-01-21,ILI incidence,2026-01-25,2,PL,quantile,0.25,299.58
2026-01-21,ILI incidence,2026-02-01,3,PL,quantile,0.25,300.77
2026-01-21,ILI incidence,2026-02-08,4,PL,quantile,0.25,292.68
2026-01-21,ILI incidence,2026-01-18,1,PL,quantile,0.3,291.27
2026-01-21,ILI incidence,2026-01-25,2,PL,quantile,0.3,303.70
2026-01-21,ILI incidence,2026-02-01,3,PL,quantile,0.3,306.23
2026-01-21,ILI incidence,2026-02-08,4,PL,quantile,0.3,296.90
2026-01-21,ILI incidence,2026-01-18,1,PL,quantile,0.35,294.37
2026-01-21,ILI incidence,2026-01-25,2,PL,quantile,0.35,307.50
2026-01-21,ILI incidence,2026-02-01,3,PL,quantile,0.35,310.46
2026-01-21,ILI incidence,2026-02-08,4,PL,quantile,0.35,303.26
2026-01-21,ILI incidence,2026-01-18,1,PL,quantile,0.4,297.17
2026-01-21,ILI incidence,2026-01-25,2,PL,quantile,0.4,311.00
2026-01-21,ILI incidence,2026-02-01,3,PL,quantile,0.4,314.92
2026-01-21,ILI incidence,2026-02-08,4,PL,quantile,0.4,310.16
2026-01-21,ILI incidence,2026-01-18,1,PL,quantile,0.45,299.90
2026-01-21,ILI incidence,2026-01-25,2,PL,quantile,0.45,313.83
2026-01-21,ILI incidence,2026-02-01,3,PL,quantile,0.45,319.76
2026-01-21,ILI incidence,2026-02-08,4,PL,quantile,0.45,315.25
2026-01-21,ILI incidence,2026-01-18,1,PL,quantile,0.5,302.75
2026-01-21,ILI incidence,2026-01-25,2,PL,quantile,0.5,317.30
2026-01-21,ILI incidence,2026-02-01,3,PL,quantile,0.5,323.54
2026-01-21,ILI incidence,2026-02-08,4,PL,quantile,0.5,322.90
2026-01-21,ILI incidence,2026-01-18,1,PL,quantile,0.55,305.05
2026-01-21,ILI incidence,2026-01-25,2,PL,quantile,0.55,320.50
2026-01-21,ILI incidence,2026-02-01,3,PL,quantile,0.55,327.15
2026-01-21,ILI incidence,2026-02-08,4,PL,quantile,0.55,328.20
2026-01-21,ILI incidence,2026-01-18,1,PL,quantile,0.6,308.14
2026-01-21,ILI incidence,2026-01-25,2,PL,quantile,0.6,323.40
2026-01-21,ILI incidence,2026-02-01,3,PL,quantile,0.6,331.24
2026-01-21,ILI incidence,2026-02-08,4,PL,quantile,0.6,333.80
2026-01-21,ILI incidence,2026-01-18,1,PL,quantile,0.65,310.30
2026-01-21,ILI incidence,2026-01-25,2,PL,quantile,0.65,326.07
2026-01-21,ILI incidence,2026-02-01,3,PL,quantile,0.65,334.83
2026-01-21,ILI incidence,2026-02-08,4,PL,quantile,0.65,337.94
2026-01-21,ILI incidence,2026-01-18,1,PL,quantile,0.7,313.10
2026-01-21,ILI incidence,2026-01-25,2,PL,quantile,0.7,328.93
2026-01-21,ILI incidence,2026-02-01,3,PL,quantile,0.7,338.20
2026-01-21,ILI incidence,2026-02-08,4,PL,quantile,0.7,342.73
2026-01-21,ILI incidence,2026-01-18,1,PL,quantile,0.75,315.82
2026-01-21,ILI incidence,2026-01-25,2,PL,quantile,0.75,331.62
2026-01-21,ILI incidence,2026-02-01,3,PL,quantile,0.75,343.20
2026-01-21,ILI incidence,2026-02-08,4,PL,quantile,0.75,349.02
2026-01-21,ILI incidence,2026-01-18,1,PL,quantile,0.8,318.72
2026-01-21,ILI incidence,2026-01-25,2,PL,quantile,0.8,334.52
2026-01-21,ILI incidence,2026-02-01,3,PL,quantile,0.8,348.80
2026-01-21,ILI incidence,2026-02-08,4,PL,quantile,0.8,356.46
2026-01-21,ILI incidence,2026-01-18,1,PL,quantile,0.85,322.31
2026-01-21,ILI incidence,2026-01-25,2,PL,quantile,0.85,338.16
2026-01-21,ILI incidence,2026-02-01,3,PL,quantile,0.85,353.20
2026-01-21,ILI incidence,2026-02-08,4,PL,quantile,0.85,363.31
2026-01-21,ILI incidence,2026-01-18,1,PL,quantile,0.9,326.30
2026-01-21,ILI incidence,2026-01-25,2,PL,quantile,0.9,342.81
2026-01-21,ILI incidence,2026-02-01,3,PL,quantile,0.9,358.51
2026-01-21,ILI incidence,2026-02-08,4,PL,quantile,0.9,370.11
2026-01-21,ILI incidence,2026-01-18,1,PL,quantile,0.95,330.81
2026-01-21,ILI incidence,2026-01-25,2,PL,quantile,0.95,348.90
2026-01-21,ILI incidence,2026-02-01,3,PL,quantile,0.95,367.32
2026-01-21,ILI incidence,2026-02-08,4,PL,quantile,0.95,380.01
2026-01-21,ILI incidence,2026-01-18,1,PL,quantile,0.975,333.60
2026-01-21,ILI incidence,2026-01-25,2,PL,quantile,0.975,353.30
2026-01-21,ILI incidence,2026-02-01,3,PL,quantile,0.975,372.83
2026-01-21,ILI incidence,2026-02-08,4,PL,quantile,0.975,387.50
2026-01-21,ILI incidence,2026-01-18,1,PL,quantile,0.99,337.90
2026-01-21,ILI incidence,2026-01-25,2,PL,quantile,0.99,358.10
2026-01-21,ILI incidence,2026-02-01,3,PL,quantile,0.99,380.30
2026-01-21,ILI incidence,2026-02-08,4,PL,quantile,0.99,394.30
2026-01-21,ARI incidence,2026-01-18,1,BE,quantile,0.01,286.25
2026-01-21,ARI incidence,2026-01-25,2,BE,quantile,0.01,183.71
2026-01-21,ARI incidence,2026-02-01,3,BE,quantile,0.01,114.35
2026-01-21,ARI incidence,2026-02-08,4,BE,quantile,0.01,69.12
2026-01-21,ARI incidence,2026-01-18,1,BE,quantile,0.025,292.80
2026-01-21,ARI incidence,2026-01-25,2,BE,quantile,0.025,189.78
2026-01-21,ARI incidence,2026-02-01,3,BE,quantile,0.025,117.90
2026-01-21,ARI incidence,2026-02-08,4,BE,quantile,0.025,71.94
2026-01-21,ARI incidence,2026-01-18,1,BE,quantile,0.05,297.96
2026-01-21,ARI incidence,2026-01-25,2,BE,quantile,0.05,193.43
2026-01-21,ARI incidence,2026-02-01,3,BE,quantile,0.05,121.98
2026-01-21,ARI incidence,2026-02-08,4,BE,quantile,0.05,74.33
2026-01-21,ARI incidence,2026-01-18,1,BE,quantile,0.1,305.51
2026-01-21,ARI incidence,2026-01-25,2,BE,quantile,0.1,199.07
2026-01-21,ARI incidence,2026-02-01,3,BE,quantile,0.1,126.02
2026-01-21,ARI incidence,2026-02-08,4,BE,quantile,0.1,78.23
2026-01-21,ARI incidence,2026-01-18,1,BE,quantile,0.15,316.25
2026-01-21,ARI incidence,2026-01-25,2,BE,quantile,0.15,206.14
2026-01-21,ARI incidence,2026-02-01,3,BE,quantile,0.15,130.92
2026-01-21,ARI incidence,2026-02-08,4,BE,quantile,0.15,81.78
2026-01-21,ARI incidence,2026-01-18,1,BE,quantile,0.2,330.86
2026-01-21,ARI incidence,2026-01-25,2,BE,quantile,0.2,223.96
2026-01-21,ARI incidence,2026-02-01,3,BE,quantile,0.2,144.60
2026-01-21,ARI incidence,2026-02-08,4,BE,quantile,0.2,90.95
2026-01-21,ARI incidence,2026-01-18,1,BE,quantile,0.25,357.13
2026-01-21,ARI incidence,2026-01-25,2,BE,quantile,0.25,253.34
2026-01-21,ARI incidence,2026-02-01,3,BE,quantile,0.25,172.78
2026-01-21,ARI incidence,2026-02-08,4,BE,quantile,0.25,115.17
2026-01-21,ARI incidence,2026-01-18,1,BE,quantile,0.3,377.87
2026-01-21,ARI incidence,2026-01-25,2,BE,quantile,0.3,268.40
2026-01-21,ARI incidence,2026-02-01,3,BE,quantile,0.3,185.50
2026-01-21,ARI incidence,2026-02-08,4,BE,quantile,0.3,125.16
2026-01-21,ARI incidence,2026-01-18,1,BE,quantile,0.35,384.65
2026-01-21,ARI incidence,2026-01-25,2,BE,quantile,0.35,273.64
2026-01-21,ARI incidence,2026-02-01,3,BE,quantile,0.35,190.44
2026-01-21,ARI incidence,2026-02-08,4,BE,quantile,0.35,129.70
2026-01-21,ARI incidence,2026-01-18,1,BE,quantile,0.4,408.92
2026-01-21,ARI incidence,2026-01-25,2,BE,quantile,0.4,290.81
2026-01-21,ARI incidence,2026-02-01,3,BE,quantile,0.4,199.37
2026-01-21,ARI incidence,2026-02-08,4,BE,quantile,0.4,132.78
2026-01-21,ARI incidence,2026-01-18,1,BE,quantile,0.45,435.57
2026-01-21,ARI incidence,2026-01-25,2,BE,quantile,0.45,306.95
2026-01-21,ARI incidence,2026-02-01,3,BE,quantile,0.45,207.87
2026-01-21,ARI incidence,2026-02-08,4,BE,quantile,0.45,136.35
2026-01-21,ARI incidence,2026-01-18,1,BE,quantile,0.5,447.87
2026-01-21,ARI incidence,2026-01-25,2,BE,quantile,0.5,313.74
2026-01-21,ARI incidence,2026-02-01,3,BE,quantile,0.5,211.74
2026-01-21,ARI incidence,2026-02-08,4,BE,quantile,0.5,139.44
2026-01-21,ARI incidence,2026-01-18,1,BE,quantile,0.55,455.25
2026-01-21,ARI incidence,2026-01-25,2,BE,quantile,0.55,318.31
2026-01-21,ARI incidence,2026-02-01,3,BE,quantile,0.55,215.21
2026-01-21,ARI incidence,2026-02-08,4,BE,quantile,0.55,142.44
2026-01-21,ARI incidence,2026-01-18,1,BE,quantile,0.6,482.57
2026-01-21,ARI incidence,2026-01-25,2,BE,quantile,0.6,344.08
2026-01-21,ARI incidence,2026-02-01,3,BE,quantile,0.6,234.67
2026-01-21,ARI incidence,2026-02-08,4,BE,quantile,0.6,156.54
2026-01-21,ARI incidence,2026-01-18,1,BE,quantile,0.65,495.83
2026-01-21,ARI incidence,2026-01-25,2,BE,quantile,0.65,368.72
2026-01-21,ARI incidence,2026-02-01,3,BE,quantile,0.65,266.41
2026-01-21,ARI incidence,2026-02-08,4,BE,quantile,0.65,185.21
2026-01-21,ARI incidence,2026-01-18,1,BE,quantile,0.7,504.23
2026-01-21,ARI incidence,2026-01-25,2,BE,quantile,0.7,378.70
2026-01-21,ARI incidence,2026-02-01,3,BE,quantile,0.7,276.66
2026-01-21,ARI incidence,2026-02-08,4,BE,quantile,0.7,195.90
2026-01-21,ARI incidence,2026-01-18,1,BE,quantile,0.75,527.32
2026-01-21,ARI incidence,2026-01-25,2,BE,quantile,0.75,389.92
2026-01-21,ARI incidence,2026-02-01,3,BE,quantile,0.75,283.57
2026-01-21,ARI incidence,2026-02-08,4,BE,quantile,0.75,200.40
2026-01-21,ARI incidence,2026-01-18,1,BE,quantile,0.8,560.82
2026-01-21,ARI incidence,2026-01-25,2,BE,quantile,0.8,424.51
2026-01-21,ARI incidence,2026-02-01,3,BE,quantile,0.8,309.47
2026-01-21,ARI incidence,2026-02-08,4,BE,quantile,0.8,219.30
2026-01-21,ARI incidence,2026-01-18,1,BE,quantile,0.85,572.71
2026-01-21,ARI incidence,2026-01-25,2,BE,quantile,0.85,436.63
2026-01-21,ARI incidence,2026-02-01,3,BE,quantile,0.85,321.97
2026-01-21,ARI incidence,2026-02-08,4,BE,quantile,0.85,230.82
2026-01-21,ARI incidence,2026-01-18,1,BE,quantile,0.9,586.76
2026-01-21,ARI incidence,2026-01-25,2,BE,quantile,0.9,447.92
2026-01-21,ARI incidence,2026-02-01,3,BE,quantile,0.9,331.52
2026-01-21,ARI incidence,2026-02-08,4,BE,quantile,0.9,238.63
2026-01-21,ARI incidence,2026-01-18,1,BE,quantile,0.95,601.52
2026-01-21,ARI incidence,2026-01-25,2,BE,quantile,0.95,465.64
2026-01-21,ARI incidence,2026-02-01,3,BE,quantile,0.95,349.01
2026-01-21,ARI incidence,2026-02-08,4,BE,quantile,0.95,253.70
2026-01-21,ARI incidence,2026-01-18,1,BE,quantile,0.975,610.71
2026-01-21,ARI incidence,2026-01-25,2,BE,quantile,0.975,476.32
2026-01-21,ARI incidence,2026-02-01,3,BE,quantile,0.975,359.11
2026-01-21,ARI incidence,2026-02-08,4,BE,quantile,0.975,262.52
2026-01-21,ARI incidence,2026-01-18,1,BE,quantile,0.99,617.40
2026-01-21,ARI incidence,2026-01-25,2,BE,quantile,0.99,483.30
2026-01-21,ARI incidence,2026-02-01,3,BE,quantile,0.99,366.60
2026-01-21,ARI incidence,2026-02-08,4,BE,quantile,0.99,271.70
2026-01-21,ARI incidence,2026-01-18,1,BG,quantile,0.01,236.22
2026-01-21,ARI incidence,2026-01-25,2,BG,quantile,0.01,154.02
2026-01-21,ARI incidence,2026-02-01,3,BG,quantile,0.01,97.55
2026-01-21,ARI incidence,2026-02-08,4,BG,quantile,0.01,60.18
2026-01-21,ARI incidence,2026-01-18,1,BG,quantile,0.025,243.30
2026-01-21,ARI incidence,2026-01-25,2,BG,quantile,0.025,157.86
2026-01-21,ARI incidence,2026-02-01,3,BG,quantile,0.025,99.48
2026-01-21,ARI incidence,2026-02-08,4,BG,quantile,0.025,61.32
2026-01-21,ARI incidence,2026-01-18,1,BG,quantile,0.05,247.58
2026-01-21,ARI incidence,2026-01-25,2,BG,quantile,0.05,160.74
2026-01-21,ARI incidence,2026-02-01,3,BG,quantile,0.05,102.05
2026-01-21,ARI incidence,2026-02-08,4,BG,quantile,0.05,63.48
2026-01-21,ARI incidence,2026-01-18,1,BG,quantile,0.1,257.14
2026-01-21,ARI incidence,2026-01-25,2,BG,quantile,0.1,170.51
2026-01-21,ARI incidence,2026-02-01,3,BG,quantile,0.1,109.72
2026-01-21,ARI incidence,2026-02-08,4,BG,quantile,0.1,68.87
2026-01-21,ARI incidence,2026-01-18,1,BG,quantile,0.15,280.61
2026-01-21,ARI incidence,2026-01-25,2,BG,quantile,0.15,186.42
2026-01-21,ARI incidence,2026-02-01,3,BG,quantile,0.15,119.52
2026-01-21,ARI incidence,2026-02-08,4,BG,quantile,0.15,74.03
2026-01-21,ARI incidence,2026-01-18,1,BG,quantile,0.2,295.68
2026-01-21,ARI incidence,2026-01-25,2,BG,quantile,0.2,196.64
2026-01-21,ARI incidence,2026-02-01,3,BG,quantile,0.2,123.54
2026-01-21,ARI incidence,2026-02-08,4,BG,quantile,0.2,76.79
2026-01-21,ARI incidence,2026-01-18,1,BG,quantile,0.25,303.74
2026-01-21,ARI incidence,2026-01-25,2,BG,quantile,0.25,203.69
2026-01-21,ARI incidence,2026-02-01,3,BG,quantile,0.25,129.58
2026-01-21,ARI incidence,2026-02-08,4,BG,quantile,0.25,80.85
2026-01-21,ARI incidence,2026-01-18,1,BG,quantile,0.3,313.84
2026-01-21,ARI incidence,2026-01-25,2,BG,quantile,0.3,212.34
2026-01-21,ARI incidence,2026-02-01,3,BG,quantile,0.3,146.15
2026-01-21,ARI incidence,2026-02-08,4,BG,quantile,0.3,99.95
2026-01-21,ARI incidence,2026-01-18,1,BG,quantile,0.35,330.12
2026-01-21,ARI incidence,2026-01-25,2,BG,quantile,0.35,230.61
2026-01-21,ARI incidence,2026-02-01,3,BG,quantile,0.35,159.52
2026-01-21,ARI incidence,2026-02-08,4,BG,quantile,0.35,108.16
2026-01-21,ARI incidence,2026-01-18,1,BG,quantile,0.4,370.40
2026-01-21,ARI incidence,2026-01-25,2,BG,quantile,0.4,261.77
2026-01-21,ARI incidence,2026-02-01,3,BG,quantile,0.4,179.98
2026-01-21,ARI incidence,2026-02-08,4,BG,quantile,0.4,120.23
2026-01-21,ARI incidence,2026-01-18,1,BG,quantile,0.45,379.24
2026-01-21,ARI incidence,2026-01-25,2,BG,quantile,0.45,269.61
2026-01-21,ARI incidence,2026-02-01,3,BG,quantile,0.45,186.00
2026-01-21,ARI incidence,2026-02-08,4,BG,quantile,0.45,125.73
2026-01-21,ARI incidence,2026-01-18,1,BG,quantile,0.5,385.86
2026-01-21,ARI incidence,2026-01-25,2,BG,quantile,0.5,274.20
2026-01-21,ARI incidence,2026-02-01,3,BG,quantile,0.5,191.10
2026-01-21,ARI incidence,2026-02-08,4,BG,quantile,0.5,130.26
2026-01-21,ARI incidence,2026-01-18,1,BG,quantile,0.55,418.39
2026-01-21,ARI incidence,2026-01-25,2,BG,quantile,0.55,297.32
2026-01-21,ARI incidence,2026-02-01,3,BG,quantile,0.55,202.52
2026-01-21,ARI incidence,2026-02-08,4,BG,quantile,0.55,134.27
2026-01-21,ARI incidence,2026-01-18,1,BG,quantile,0.6,437.18
2026-01-21,ARI incidence,2026-01-25,2,BG,quantile,0.6,307.82
2026-01-21,ARI incidence,2026-02-01,3,BG,quantile,0.6,209.04
2026-01-21,ARI incidence,2026-02-08,4,BG,quantile,0.6,137.93
2026-01-21,ARI incidence,2026-01-18,1,BG,quantile,0.65,445.91
2026-01-21,ARI incidence,2026-01-25,2,BG,quantile,0.65,314.60
2026-01-21,ARI incidence,2026-02-01,3,BG,quantile,0.65,213.66
2026-01-21,ARI incidence,2026-02-08,4,BG,quantile,0.65,141.08
2026-01-21,ARI incidence,2026-01-18,1,BG,quantile,0.7,451.20
2026-01-21,ARI incidence,2026-01-25,2,BG,quantile,0.7,322.58
2026-01-21,ARI incidence,2026-02-01,3,BG,quantile,0.7,220.25
2026-01-21,ARI incidence,2026-02-08,4,BG,quantile,0.7,146.42
2026-01-21,ARI incidence,2026-01-18,1,BG,quantile,0.75,455.52
2026-01-21,ARI incidence,2026-01-25,2,BG,quantile,0.75,338.12
2026-01-21,ARI incidence,2026-02-01,3,BG,quantile,0.75,249.21
2026-01-21,ARI incidence,2026-02-08,4,BG,quantile,0.75,179.06
2026-01-21,ARI incidence,2026-01-18,1,BG,quantile,0.8,462.85
2026-01-21,ARI incidence,2026-01-25,2,BG,quantile,0.8,356.58
2026-01-21,ARI incidence,2026-02-01,3,BG,quantile,0.8,264.12
2026-01-21,ARI incidence,2026-02-08,4,BG,quantile,0.8,188.34
2026-01-21,ARI incidence,2026-01-18,1,BG,quantile,0.85,477.27
2026-01-21,ARI incidence,2026-01-25,2,BG,quantile,0.85,367.21
2026-01-21,ARI incidence,2026-02-01,3,BG,quantile,0.85,272.81
2026-01-21,ARI incidence,2026-02-08,4,BG,quantile,0.85,196.11
2026-01-21,ARI incidence,2026-01-18,1,BG,quantile,0.9,492.30
2026-01-21,ARI incidence,2026-01-25,2,BG,quantile,0.9,375.82
2026-01-21,ARI incidence,2026-02-01,3,BG,quantile,0.9,278.52
2026-01-21,ARI incidence,2026-02-08,4,BG,quantile,0.9,200.53
2026-01-21,ARI incidence,2026-01-18,1,BG,quantile,0.95,501.89
2026-01-21,ARI incidence,2026-01-25,2,BG,quantile,0.95,382.51
2026-01-21,ARI incidence,2026-02-01,3,BG,quantile,0.95,283.92
2026-01-21,ARI incidence,2026-02-08,4,BG,quantile,0.95,206.32
2026-01-21,ARI incidence,2026-01-18,1,BG,quantile,0.975,512.10
2026-01-21,ARI incidence,2026-01-25,2,BG,quantile,0.975,388.38
2026-01-21,ARI incidence,2026-02-01,3,BG,quantile,0.975,289.30
2026-01-21,ARI incidence,2026-02-08,4,BG,quantile,0.975,211.21
2026-01-21,ARI incidence,2026-01-18,1,BG,quantile,0.99,557.67
2026-01-21,ARI incidence,2026-01-25,2,BG,quantile,0.99,422.19
2026-01-21,ARI incidence,2026-02-01,3,BG,quantile,0.99,308.37
2026-01-21,ARI incidence,2026-02-08,4,BG,quantile,0.99,220.49
2026-01-21,ARI incidence,2026-01-18,1,CZ,quantile,0.01,289.92
2026-01-21,ARI incidence,2026-01-25,2,CZ,quantile,0.01,184.32
2026-01-21,ARI incidence,2026-02-01,3,CZ,quantile,0.01,113.46
2026-01-21,ARI incidence,2026-02-08,4,CZ,quantile,0.01,66.84
2026-01-21,ARI incidence,2026-01-18,1,CZ,quantile,0.025,293.82
2026-01-21,ARI incidence,2026-01-25,2,CZ,quantile,0.025,187.38
2026-01-21,ARI incidence,2026-02-01,3,CZ,quantile,0.025,114.90
2026-01-21,ARI incidence,2026-02-08,4,CZ,quantile,0.025,68.15
2026-01-21,ARI incidence,2026-01-18,1,CZ,quantile,0.05,298.68
2026-01-21,ARI incidence,2026-01-25,2,CZ,quantile,0.05,190.54
2026-01-21,ARI incidence,2026-02-01,3,CZ,quantile,0.05,116.88
2026-01-21,ARI incidence,2026-02-08,4,CZ,quantile,0.05,69.42
2026-01-21,ARI incidence,2026-01-18,1,CZ,quantile,0.1,304.49
2026-01-21,ARI incidence,2026-01-25,2,CZ,quantile,0.1,195.21
2026-01-21,ARI incidence,2026-02-01,3,CZ,quantile,0.1,120.65
2026-01-21,ARI incidence,2026-02-08,4,CZ,quantile,0.1,72.96
2026-01-21,ARI incidence,2026-01-18,1,CZ,quantile,0.15,309.36
2026-01-21,ARI incidence,2026-01-25,2,CZ,quantile,0.15,199.30
2026-01-21,ARI incidence,2026-02-01,3,CZ,quantile,0.15,125.57
2026-01-21,ARI incidence,2026-02-08,4,CZ,quantile,0.15,77.38
2026-01-21,ARI incidence,2026-01-18,1,CZ,quantile,0.2,314.22
2026-01-21,ARI incidence,2026-01-25,2,CZ,quantile,0.2,203.45
2026-01-21,ARI incidence,2026-02-01,3,CZ,quantile,0.2,129.22
2026-01-21,ARI incidence,2026-02-08,4,CZ,quantile,0.2,80.44
2026-01-21,ARI incidence,2026-01-18,1,CZ,quantile,0.25,322.51
2026-01-21,ARI incidence,2026-01-25,2,CZ,quantile,0.25,209.87
2026-01-21,ARI incidence,2026-02-01,3,CZ,quantile,0.25,133.32
2026-01-21,ARI incidence,2026-02-08,4,CZ,quantile,0.25,82.68
2026-01-21,ARI incidence,2026-01-18,1,CZ,quantile,0.3,330.52
2026-01-21,ARI incidence,2026-01-25,2,CZ,quantile,0.3,220.72
2026-01-21,ARI incidence,2026-02-01,3,CZ,quantile,0.3,140.74
2026-01-21,ARI incidence,2026-02-08,4,CZ,quantile,0.3,87.40
2026-01-21,ARI incidence,2026-01-18,1,CZ,quantile,0.35,336.82
2026-01-21,ARI incidence,2026-01-25,2,CZ,quantile,0.35,228.32
2026-01-21,ARI incidence,2026-02-01,3,CZ,quantile,0.35,146.10
2026-01-21,ARI incidence,2026-02-08,4,CZ,quantile,0.35,91.08
2026-01-21,ARI incidence,2026-01-18,1,CZ,quantile,0.4,351.00
2026-01-21,ARI incidence,2026-01-25,2,CZ,quantile,0.4,239.02
2026-01-21,ARI incidence,2026-02-01,3,CZ,quantile,0.4,165.18
2026-01-21,ARI incidence,2026-02-08,4,CZ,quantile,0.4,111.70
2026-01-21,ARI incidence,2026-01-18,1,CZ,quantile,0.45,376.63
2026-01-21,ARI incidence,2026-01-25,2,CZ,quantile,0.45,266.91
2026-01-21,ARI incidence,2026-02-01,3,CZ,quantile,0.45,184.51
2026-01-21,ARI incidence,2026-02-08,4,CZ,quantile,0.45,123.93
2026-01-21,ARI incidence,2026-01-18,1,CZ,quantile,0.5,383.43
2026-01-21,ARI incidence,2026-01-25,2,CZ,quantile,0.5,272.64
2026-01-21,ARI incidence,2026-02-01,3,CZ,quantile,0.5,189.42
2026-01-21,ARI incidence,2026-02-08,4,CZ,quantile,0.5,128.70
2026-01-21,ARI incidence,2026-01-18,1,CZ,quantile,0.55,391.61
2026-01-21,ARI incidence,2026-01-25,2,CZ,quantile,0.55,281.18
2026-01-21,ARI incidence,2026-02-01,3,CZ,quantile,0.55,196.23
2026-01-21,ARI incidence,2026-02-08,4,CZ,quantile,0.55,132.00
2026-01-21,ARI incidence,2026-01-18,1,CZ,quantile,0.6,426.00
2026-01-21,ARI incidence,2026-01-25,2,CZ,quantile,0.6,301.51
2026-01-21,ARI incidence,2026-02-01,3,CZ,quantile,0.6,206.57
2026-01-21,ARI incidence,2026-02-08,4,CZ,quantile,0.6,135.30
2026-01-21,ARI incidence,2026-01-18,1,CZ,quantile,0.65,435.94
2026-01-21,ARI incidence,2026-01-25,2,CZ,quantile,0.65,307.80
2026-01-21,ARI incidence,2026-02-01,3,CZ,quantile,0.65,209.54
2026-01-21,ARI incidence,2026-02-08,4,CZ,quantile,0.65,137.76
2026-01-21,ARI incidence,2026-01-18,1,CZ,quantile,0.7,448.72
2026-01-21,ARI incidence,2026-01-25,2,CZ,quantile,0.7,313.08
2026-01-21,ARI incidence,2026-02-01,3,CZ,quantile,0.7,212.04
2026-01-21,ARI incidence,2026-02-08,4,CZ,quantile,0.7,140.64
2026-01-21,ARI incidence,2026-01-18,1,CZ,quantile,0.75,455.53
2026-01-21,ARI incidence,2026-01-25,2,CZ,quantile,0.75,317.88
2026-01-21,ARI incidence,2026-02-01,3,CZ,quantile,0.75,214.51
2026-01-21,ARI incidence,2026-02-08,4,CZ,quantile,0.75,142.78
2026-01-21,ARI incidence,2026-01-18,1,CZ,quantile,0.8,469.03
2026-01-21,ARI incidence,2026-01-25,2,CZ,quantile,0.8,327.96
2026-01-21,ARI incidence,2026-02-01,3,CZ,quantile,0.8,218.87
2026-01-21,ARI incidence,2026-02-08,4,CZ,quantile,0.8,146.29
2026-01-21,ARI incidence,2026-01-18,1,CZ,quantile,0.85,480.61
2026-01-21,ARI incidence,2026-01-25,2,CZ,quantile,0.85,353.13
2026-01-21,ARI incidence,2026-02-01,3,CZ,quantile,0.85,244.60
2026-01-21,ARI incidence,2026-02-08,4,CZ,quantile,0.85,163.01
2026-01-21,ARI incidence,2026-01-18,1,CZ,quantile,0.9,493.22
2026-01-21,ARI incidence,2026-01-25,2,CZ,quantile,0.9,368.72
2026-01-21,ARI incidence,2026-02-01,3,CZ,quantile,0.9,270.72
2026-01-21,ARI incidence,2026-02-08,4,CZ,quantile,0.9,193.50
2026-01-21,ARI incidence,2026-01-18,1,CZ,quantile,0.95,506.52
2026-01-21,ARI incidence,2026-01-25,2,CZ,quantile,0.95,382.92
2026-01-21,ARI incidence,2026-02-01,3,CZ,quantile,0.95,281.21
2026-01-21,ARI incidence,2026-02-08,4,CZ,quantile,0.95,200.60
2026-01-21,ARI incidence,2026-01-18,1,CZ,quantile,0.975,569.20
2026-01-21,ARI incidence,2026-01-25,2,CZ,quantile,0.975,433.43
2026-01-21,ARI incidence,2026-02-01,3,CZ,quantile,0.975,320.96
2026-01-21,ARI incidence,2026-02-08,4,CZ,quantile,0.975,231.91
2026-01-21,ARI incidence,2026-01-18,1,CZ,quantile,0.99,605.51
2026-01-21,ARI incidence,2026-01-25,2,CZ,quantile,0.99,475.40
2026-01-21,ARI incidence,2026-02-01,3,CZ,quantile,0.99,359.50
2026-01-21,ARI incidence,2026-02-08,4,CZ,quantile,0.99,263.31
2026-01-21,ARI incidence,2026-01-18,1,EE,quantile,0.01,236.40
2026-01-21,ARI incidence,2026-01-25,2,EE,quantile,0.01,240.18
2026-01-21,ARI incidence,2026-02-01,3,EE,quantile,0.01,234.48
2026-01-21,ARI incidence,2026-02-08,4,EE,quantile,0.01,219.06
2026-01-21,ARI incidence,2026-01-18,1,EE,quantile,0.025,239.50
2026-01-21,ARI incidence,2026-01-25,2,EE,quantile,0.025,245.51
2026-01-21,ARI incidence,2026-02-01,3,EE,quantile,0.025,238.74
2026-01-21,ARI incidence,2026-02-08,4,EE,quantile,0.025,223.32
2026-01-21,ARI incidence,2026-01-18,1,EE,quantile,0.05,242.60
2026-01-21,ARI incidence,2026-01-25,2,EE,quantile,0.05,249.99
2026-01-21,ARI incidence,2026-02-01,3,EE,quantile,0.05,248.40
2026-01-21,ARI incidence,2026-02-08,4,EE,quantile,0.05,231.46
2026-01-21,ARI incidence,2026-01-18,1,EE,quantile,0.1,247.29
2026-01-21,ARI incidence,2026-01-25,2,EE,quantile,0.1,256.46
2026-01-21,ARI incidence,2026-02-01,3,EE,quantile,0.1,262.19
2026-01-21,ARI incidence,2026-02-08,4,EE,quantile,0.1,259.80
2026-01-21,ARI incidence,2026-01-18,1,EE,quantile,0.15,249.99
2026-01-21,ARI incidence,2026-01-25,2,EE,quantile,0.15,260.79
2026-01-21,ARI incidence,2026-02-01,3,EE,quantile,0.15,266.52
2026-01-21,ARI incidence,2026-02-08,4,EE,quantile,0.15,264.60
2026-01-21,ARI incidence,2026-01-18,1,EE,quantile,0.2,253.43
2026-01-21,ARI incidence,2026-01-25,2,EE,quantile,0.2,265.40
2026-01-21,ARI incidence,2026-02-01,3,EE,quantile,0.2,270.05
2026-01-21,ARI incidence,2026-02-08,4,EE,quantile,0.2,268.06
2026-01-21,ARI incidence,2026-01-18,1,EE,quantile,0.25,255.88
2026-01-21,ARI incidence,2026-01-25,2,EE,quantile,0.25,267.88
2026-01-21,ARI incidence,2026-02-01,3,EE,quantile,0.25,273.88
2026-01-21,ARI incidence,2026-02-08,4,EE,quantile,0.25,271.88
2026-01-21,ARI incidence,2026-01-18,1,EE,quantile,0.3,258.49
2026-01-21,ARI incidence,2026-01-25,2,EE,quantile,0.3,271.67
2026-01-21,ARI incidence,2026-02-01,3,EE,quantile,0.3,277.57
2026-01-21,ARI incidence,2026-02-08,4,EE,quantile,0.3,276.97
2026-01-21,ARI incidence,2026-01-18,1,EE,quantile,0.35,260.67
2026-01-21,ARI incidence,2026-01-25,2,EE,quantile,0.35,274.60
2026-01-21,ARI incidence,2026-02-01,3,EE,quantile,0.35,281.17
2026-01-21,ARI incidence,2026-02-08,4,EE,quantile,0.35,282.67
2026-01-21,ARI incidence,2026-01-18,1,EE,quantile,0.4,262.36
2026-01-21,ARI incidence,2026-01-25,2,EE,quantile,0.4,277.00
2026-01-21,ARI incidence,2026-02-01,3,EE,quantile,0.4,285.36
2026-01-21,ARI incidence,2026-02-08,4,EE,quantile,0.4,286.66
2026-01-21,ARI incidence,2026-01-18,1,EE,quantile,0.45,264.06
2026-01-21,ARI incidence,2026-01-25,2,EE,quantile,0.45,279.56
2026-01-21,ARI incidence,2026-02-01,3,EE,quantile,0.45,288.75
2026-01-21,ARI incidence,2026-02-08,4,EE,quantile,0.45,291.66
2026-01-21,ARI incidence,2026-01-18,1,EE,quantile,0.5,265.65
2026-01-21,ARI incidence,2026-01-25,2,EE,quantile,0.5,281.59
2026-01-21,ARI incidence,2026-02-01,3,EE,quantile,0.5,292.50
2026-01-21,ARI incidence,2026-02-08,4,EE,quantile,0.5,297.40
2026-01-21,ARI incidence,2026-01-18,1,EE,quantile,0.55,267.25
2026-01-21,ARI incidence,2026-01-25,2,EE,quantile,0.55,283.90
2026-01-21,ARI incidence,2026-02-01,3,EE,quantile,0.55,295.70
2026-01-21,ARI incidence,2026-02-08,4,EE,quantile,0.55,302.24
2026-01-21,ARI incidence,2026-01-18,1,EE,quantile,0.6,268.60
2026-01-21,ARI incidence,2026-01-25,2,EE,quantile,0.6,285.94
2026-01-21,ARI incidence,2026-02-01,3,EE,quantile,0.6,299.50
2026-01-21,ARI incidence,2026-02-08,4,EE,quantile,0.6,306.20
2026-01-21,ARI incidence,2026-01-18,1,EE,quantile,0.65,270.20
2026-01-21,ARI incidence,2026-01-25,2,EE,quantile,0.65,288.20
2026-01-21,ARI incidence,2026-02-01,3,EE,quantile,0.65,302.50
2026-01-21,ARI incidence,2026-02-08,4,EE,quantile,0.65,310.24
2026-01-21,ARI incidence,2026-01-18,1,EE,quantile,0.7,271.71
2026-01-21,ARI incidence,2026-01-25,2,EE,quantile,0.7,290.40
2026-01-21,ARI incidence,2026-02-01,3,EE,quantile,0.7,305.23
2026-01-21,ARI incidence,2026-02-08,4,EE,quantile,0.7,314.79
2026-01-21,ARI incidence,2026-01-18,1,EE,quantile,0.75,273.20
2026-01-21,ARI incidence,2026-01-25,2,EE,quantile,0.75,292.31
2026-01-21,ARI incidence,2026-02-01,3,EE,quantile,0.75,308.40
2026-01-21,ARI incidence,2026-02-08,4,EE,quantile,0.75,319.20
2026-01-21,ARI incidence,2026-01-18,1,EE,quantile,0.8,274.72
2026-01-21,ARI incidence,2026-01-25,2,EE,quantile,0.8,294.51
2026-01-21,ARI incidence,2026-02-01,3,EE,quantile,0.8,311.80
2026-01-21,ARI incidence,2026-02-08,4,EE,quantile,0.8,323.52
2026-01-21,ARI incidence,2026-01-18,1,EE,quantile,0.85,276.40
2026-01-21,ARI incidence,2026-01-25,2,EE,quantile,0.85,297.60
2026-01-21,ARI incidence,2026-02-01,3,EE,quantile,0.85,315.91
2026-01-21,ARI incidence,2026-02-08,4,EE,quantile,0.85,329.50
2026-01-21,ARI incidence,2026-01-18,1,EE,quantile,0.9,278.30
2026-01-21,ARI incidence,2026-01-25,2,EE,quantile,0.9,300.51
2026-01-21,ARI incidence,2026-02-01,3,EE,quantile,0.9,321.60
2026-01-21,ARI incidence,2026-02-08,4,EE,quantile,0.9,336.82
2026-01-21,ARI incidence,2026-01-18,1,EE,quantile,0.95,281.10
2026-01-21,ARI incidence,2026-01-25,2,EE,quantile,0.95,305.31
2026-01-21,ARI incidence,2026-02-01,3,EE,quantile,0.95,327.40
2026-01-21,ARI incidence,2026-02-08,4,EE,quantile,0.95,344.50
2026-01-21,ARI incidence,2026-01-18,1,EE,quantile,0.975,283.60
2026-01-21,ARI incidence,2026-01-25,2,EE,quantile,0.975,308.30
2026-01-21,ARI incidence,2026-02-01,3,EE,quantile,0.975,331.50
2026-01-21,ARI incidence,2026-02-08,4,EE,quantile,0.975,351.71
2026-01-21,ARI incidence,2026-01-18,1,EE,quantile,0.99,285.70
2026-01-21,ARI incidence,2026-01-25,2,EE,quantile,0.99,311.60
2026-01-21,ARI incidence,2026-02-01,3,EE,quantile,0.99,337.70
2026-01-21,ARI incidence,2026-02-08,4,EE,quantile,0.99,358.21
2026-01-21,ARI incidence,2026-01-18,1,ES,quantile,0.01,266.28
2026-01-21,ARI incidence,2026-01-25,2,ES,quantile,0.01,179.45
2026-01-21,ARI incidence,2026-02-01,3,ES,quantile,0.01,117.36
2026-01-21,ARI incidence,2026-02-08,4,ES,quantile,0.01,74.52
2026-01-21,ARI incidence,2026-01-18,1,ES,quantile,0.025,271.20
2026-01-21,ARI incidence,2026-01-25,2,ES,quantile,0.025,182.64
2026-01-21,ARI incidence,2026-02-01,3,ES,quantile,0.025,119.64
2026-01-21,ARI incidence,2026-02-08,4,ES,quantile,0.025,76.14
2026-01-21,ARI incidence,2026-01-18,1,ES,quantile,0.05,283.60
2026-01-21,ARI incidence,2026-01-25,2,ES,quantile,0.05,200.48
2026-01-21,ARI incidence,2026-02-01,3,ES,quantile,0.05,139.61
2026-01-21,ARI incidence,2026-02-08,4,ES,quantile,0.05,94.68
2026-01-21,ARI incidence,2026-01-18,1,ES,quantile,0.1,306.53
2026-01-21,ARI incidence,2026-01-25,2,ES,quantile,0.1,222.74
2026-01-21,ARI incidence,2026-02-01,3,ES,quantile,0.1,158.07
2026-01-21,ARI incidence,2026-02-08,4,ES,quantile,0.1,110.63
2026-01-21,ARI incidence,2026-01-18,1,ES,quantile,0.15,350.35
2026-01-21,ARI incidence,2026-01-25,2,ES,quantile,0.15,267.83
2026-01-21,ARI incidence,2026-02-01,3,ES,quantile,0.15,195.68
2026-01-21,ARI incidence,2026-02-08,4,ES,quantile,0.15,138.64
2026-01-21,ARI incidence,2026-01-18,1,ES,quantile,0.2,366.90
2026-01-21,ARI incidence,2026-01-25,2,ES,quantile,0.2,282.71
2026-01-21,ARI incidence,2026-02-01,3,ES,quantile,0.2,209.57
2026-01-21,ARI incidence,2026-02-08,4,ES,quantile,0.2,148.42
2026-01-21,ARI incidence,2026-01-18,1,ES,quantile,0.25,375.21
2026-01-21,ARI incidence,2026-01-25,2,ES,quantile,0.25,288.18
2026-01-21,ARI incidence,2026-02-01,3,ES,quantile,0.25,213.05
2026-01-21,ARI incidence,2026-02-08,4,ES,quantile,0.25,151.50
2026-01-21,ARI incidence,2026-01-18,1,ES,quantile,0.3,382.60
2026-01-21,ARI incidence,2026-01-25,2,ES,quantile,0.3,292.14
2026-01-21,ARI incidence,2026-02-01,3,ES,quantile,0.3,216.30
2026-01-21,ARI incidence,2026-02-08,4,ES,quantile,0.3,154.30
2026-01-21,ARI incidence,2026-01-18,1,ES,quantile,0.35,395.50
2026-01-21,ARI incidence,2026-01-25,2,ES,quantile,0.35,300.54
2026-01-21,ARI incidence,2026-02-01,3,ES,quantile,0.35,219.86
2026-01-21,ARI incidence,2026-02-08,4,ES,quantile,0.35,156.22
2026-01-21,ARI incidence,2026-01-18,1,ES,quantile,0.4,413.96
2026-01-21,ARI incidence,2026-01-25,2,ES,quantile,0.4,310.01
2026-01-21,ARI incidence,2026-02-01,3,ES,quantile,0.4,224.77
2026-01-21,ARI incidence,2026-02-08,4,ES,quantile,0.4,158.84
2026-01-21,ARI incidence,2026-01-18,1,ES,quantile,0.45,427.55
2026-01-21,ARI incidence,2026-01-25,2,ES,quantile,0.45,320.65
2026-01-21,ARI incidence,2026-02-01,3,ES,quantile,0.45,231.25
2026-01-21,ARI incidence,2026-02-08,4,ES,quantile,0.45,164.35
2026-01-21,ARI incidence,2026-01-18,1,ES,quantile,0.5,446.49
2026-01-21,ARI incidence,2026-01-25,2,ES,quantile,0.5,341.04
2026-01-21,ARI incidence,2026-02-01,3,ES,quantile,0.5,252.42
2026-01-21,ARI incidence,2026-02-08,4,ES,quantile,0.5,181.47
2026-01-21,ARI incidence,2026-01-18,1,ES,quantile,0.55,454.43
2026-01-21,ARI incidence,2026-01-25,2,ES,quantile,0.55,351.57
2026-01-21,ARI incidence,2026-02-01,3,ES,quantile,0.55,261.27
2026-01-21,ARI incidence,2026-02-08,4,ES,quantile,0.55,186.86
2026-01-21,ARI incidence,2026-01-18,1,ES,quantile,0.6,460.28
2026-01-21,ARI incidence,2026-01-25,2,ES,quantile,0.6,357.72
2026-01-21,ARI incidence,2026-02-01,3,ES,quantile,0.6,265.94
2026-01-21,ARI incidence,2026-02-08,4,ES,quantile,0.6,190.37
2026-01-21,ARI incidence,2026-01-18,1,ES,quantile,0.65,465.15
2026-01-21,ARI incidence,2026-01-25,2,ES,quantile,0.65,361.70
2026-01-21,ARI incidence,2026-02-01,3,ES,quantile,0.65,269.46
2026-01-21,ARI incidence,2026-02-08,4,ES,quantile,0.65,192.66
2026-01-21,ARI incidence,2026-01-18,1,ES,quantile,0.7,470.64
2026-01-21,ARI incidence,2026-01-25,2,ES,quantile,0.7,365.54
2026-01-21,ARI incidence,2026-02-01,3,ES,quantile,0.7,272.34
2026-01-21,ARI incidence,2026-02-08,4,ES,quantile,0.7,195.76
2026-01-21,ARI incidence,2026-01-18,1,ES,quantile,0.75,477.81
2026-01-21,ARI incidence,2026-01-25,2,ES,quantile,0.75,370.08
2026-01-21,ARI incidence,2026-02-01,3,ES,quantile,0.75,276.11
2026-01-21,ARI incidence,2026-02-08,4,ES,quantile,0.75,198.18
2026-01-21,ARI incidence,2026-01-18,1,ES,quantile,0.8,483.84
2026-01-21,ARI incidence,2026-01-25,2,ES,quantile,0.8,374.60
2026-01-21,ARI incidence,2026-02-01,3,ES,quantile,0.8,279.78
2026-01-21,ARI incidence,2026-02-08,4,ES,quantile,0.8,201.18
2026-01-21,ARI incidence,2026-01-18,1,ES,quantile,0.85,492.13
2026-01-21,ARI incidence,2026-01-25,2,ES,quantile,0.85,380.87
2026-01-21,ARI incidence,2026-02-01,3,ES,quantile,0.85,284.12
2026-01-21,ARI incidence,2026-02-08,4,ES,quantile,0.85,206.05
2026-01-21,ARI incidence,2026-01-18,1,ES,quantile,0.9,506.15
2026-01-21,ARI incidence,2026-01-25,2,ES,quantile,0.9,393.28
2026-01-21,ARI incidence,2026-02-01,3,ES,quantile,0.9,293.79
2026-01-21,ARI incidence,2026-02-08,4,ES,quantile,0.9,217.42
2026-01-21,ARI incidence,2026-01-18,1,ES,quantile,0.95,526.63
2026-01-21,ARI incidence,2026-01-25,2,ES,quantile,0.95,432.97
2026-01-21,ARI incidence,2026-02-01,3,ES,quantile,0.95,344.41
2026-01-21,ARI incidence,2026-02-08,4,ES,quantile,0.95,264.21
2026-01-21,ARI incidence,2026-01-18,1,ES,quantile,0.975,536.35
2026-01-21,ARI incidence,2026-01-25,2,ES,quantile,0.975,441.49
2026-01-21,ARI incidence,2026-02-01,3,ES,quantile,0.975,352.02
2026-01-21,ARI incidence,2026-02-08,4,ES,quantile,0.975,270.78
2026-01-21,ARI incidence,2026-01-18,1,ES,quantile,0.99,544.56
2026-01-21,ARI incidence,2026-01-25,2,ES,quantile,0.99,446.76
2026-01-21,ARI incidence,2026-02-01,3,ES,quantile,0.99,357.06
2026-01-21,ARI incidence,2026-02-08,4,ES,quantile,0.99,274.38
2026-01-21,ARI incidence,2026-01-18,1,FR,quantile,0.01,357.52
2026-01-21,ARI incidence,2026-01-25,2,FR,quantile,0.01,326.42
2026-01-21,ARI incidence,2026-02-01,3,FR,quantile,0.01,263.93
2026-01-21,ARI incidence,2026-02-08,4,FR,quantile,0.01,206.83
2026-01-21,ARI incidence,2026-01-18,1,FR,quantile,0.025,397.76
2026-01-21,ARI incidence,2026-01-25,2,FR,quantile,0.025,398.18
2026-01-21,ARI incidence,2026-02-01,3,FR,quantile,0.025,348.33
2026-01-21,ARI incidence,2026-02-08,4,FR,quantile,0.025,290.86
2026-01-21,ARI incidence,2026-01-18,1,FR,quantile,0.05,413.80
2026-01-21,ARI incidence,2026-01-25,2,FR,quantile,0.05,408.00
2026-01-21,ARI incidence,2026-02-01,3,FR,quantile,0.05,356.93
2026-01-21,ARI incidence,2026-02-08,4,FR,quantile,0.05,296.99
2026-01-21,ARI incidence,2026-01-18,1,FR,quantile,0.1,427.76
2026-01-21,ARI incidence,2026-01-25,2,FR,quantile,0.1,417.80
2026-01-21,ARI incidence,2026-02-01,3,FR,quantile,0.1,402.35
2026-01-21,ARI incidence,2026-02-08,4,FR,quantile,0.1,362.38
2026-01-21,ARI incidence,2026-01-18,1,FR,quantile,0.15,443.45
2026-01-21,ARI incidence,2026-01-25,2,FR,quantile,0.15,443.09
2026-01-21,ARI incidence,2026-02-01,3,FR,quantile,0.15,415.02
2026-01-21,ARI incidence,2026-02-08,4,FR,quantile,0.15,368.72
2026-01-21,ARI incidence,2026-01-18,1,FR,quantile,0.2,457.10
2026-01-21,ARI incidence,2026-01-25,2,FR,quantile,0.2,454.40
2026-01-21,ARI incidence,2026-02-01,3,FR,quantile,0.2,428.27
2026-01-21,ARI incidence,2026-02-08,4,FR,quantile,0.2,373.26
2026-01-21,ARI incidence,2026-01-18,1,FR,quantile,0.25,463.25
2026-01-21,ARI incidence,2026-01-25,2,FR,quantile,0.25,461.38
2026-01-21,ARI incidence,2026-02-01,3,FR,quantile,0.25,438.81
2026-01-21,ARI incidence,2026-02-08,4,FR,quantile,0.25,380.69
2026-01-21,ARI incidence,2026-01-18,1,FR,quantile,0.3,471.00
2026-01-21,ARI incidence,2026-01-25,2,FR,quantile,0.3,474.04
2026-01-21,ARI incidence,2026-02-01,3,FR,quantile,0.3,447.59
2026-01-21,ARI incidence,2026-02-08,4,FR,quantile,0.3,391.06
2026-01-21,ARI incidence,2026-01-18,1,FR,quantile,0.35,478.20
2026-01-21,ARI incidence,2026-01-25,2,FR,quantile,0.35,482.80
2026-01-21,ARI incidence,2026-02-01,3,FR,quantile,0.35,452.34
2026-01-21,ARI incidence,2026-02-08,4,FR,quantile,0.35,413.72
2026-01-21,ARI incidence,2026-01-18,1,FR,quantile,0.4,482.70
2026-01-21,ARI incidence,2026-01-25,2,FR,quantile,0.4,488.96
2026-01-21,ARI incidence,2026-02-01,3,FR,quantile,0.4,461.46
2026-01-21,ARI incidence,2026-02-08,4,FR,quantile,0.4,430.54
2026-01-21,ARI incidence,2026-01-18,1,FR,quantile,0.45,493.14
2026-01-21,ARI incidence,2026-01-25,2,FR,quantile,0.45,495.22
2026-01-21,ARI incidence,2026-02-01,3,FR,quantile,0.45,473.64
2026-01-21,ARI incidence,2026-02-08,4,FR,quantile,0.45,439.86
2026-01-21,ARI incidence,2026-01-18,1,FR,quantile,0.5,501.98
2026-01-21,ARI incidence,2026-01-25,2,FR,quantile,0.5,499.02
2026-01-21,ARI incidence,2026-02-01,3,FR,quantile,0.5,481.11
2026-01-21,ARI incidence,2026-02-08,4,FR,quantile,0.5,445.69
2026-01-21,ARI incidence,2026-01-18,1,FR,quantile,0.55,513.53
2026-01-21,ARI incidence,2026-01-25,2,FR,quantile,0.55,504.27
2026-01-21,ARI incidence,2026-02-01,3,FR,quantile,0.55,488.48
2026-01-21,ARI incidence,2026-02-08,4,FR,quantile,0.55,451.49
2026-01-21,ARI incidence,2026-01-18,1,FR,quantile,0.6,524.12
2026-01-21,ARI incidence,2026-01-25,2,FR,quantile,0.6,512.12
2026-01-21,ARI incidence,2026-02-01,3,FR,quantile,0.6,496.70
2026-01-21,ARI incidence,2026-02-08,4,FR,quantile,0.6,458.92
2026-01-21,ARI incidence,2026-01-18,1,FR,quantile,0.65,528.07
2026-01-21,ARI incidence,2026-01-25,2,FR,quantile,0.65,519.18
2026-01-21,ARI incidence,2026-02-01,3,FR,quantile,0.65,502.70
2026-01-21,ARI incidence,2026-02-08,4,FR,quantile,0.65,469.26
2026-01-21,ARI incidence,2026-01-18,1,FR,quantile,0.7,532.36
2026-01-21,ARI incidence,2026-01-25,2,FR,quantile,0.7,527.17
2026-01-21,ARI incidence,2026-02-01,3,FR,quantile,0.7,509.71
2026-01-21,ARI incidence,2026-02-08,4,FR,quantile,0.7,479.15
2026-01-21,ARI incidence,2026-01-18,1,FR,quantile,0.75,537.40
2026-01-21,ARI incidence,2026-01-25,2,FR,quantile,0.75,531.99
2026-01-21,ARI incidence,2026-02-01,3,FR,quantile,0.75,517.89
2026-01-21,ARI incidence,2026-02-08,4,FR,quantile,0.75,496.94
2026-01-21,ARI incidence,2026-01-18,1,FR,quantile,0.8,540.91
2026-01-21,ARI incidence,2026-01-25,2,FR,quantile,0.8,540.68
2026-01-21,ARI incidence,2026-02-01,3,FR,quantile,0.8,522.79
2026-01-21,ARI incidence,2026-02-08,4,FR,quantile,0.8,504.02
2026-01-21,ARI incidence,2026-01-18,1,FR,quantile,0.85,548.18
2026-01-21,ARI incidence,2026-01-25,2,FR,quantile,0.85,548.08
2026-01-21,ARI incidence,2026-02-01,3,FR,quantile,0.85,528.91
2026-01-21,ARI incidence,2026-02-08,4,FR,quantile,0.85,512.81
2026-01-21,ARI incidence,2026-01-18,1,FR,quantile,0.9,557.11
2026-01-21,ARI incidence,2026-01-25,2,FR,quantile,0.9,554.16
2026-01-21,ARI incidence,2026-02-01,3,FR,quantile,0.9,543.12
2026-01-21,ARI incidence,2026-02-08,4,FR,quantile,0.9,524.11
2026-01-21,ARI incidence,2026-01-18,1,FR,quantile,0.95,562.08
2026-01-21,ARI incidence,2026-01-25,2,FR,quantile,0.95,560.46
2026-01-21,ARI incidence,2026-02-01,3,FR,quantile,0.95,564.40
2026-01-21,ARI incidence,2026-02-08,4,FR,quantile,0.95,555.70
2026-01-21,ARI incidence,2026-01-18,1,FR,quantile,0.975,566.46
2026-01-21,ARI incidence,2026-01-25,2,FR,quantile,0.975,568.51
2026-01-21,ARI incidence,2026-02-01,3,FR,quantile,0.975,580.71
2026-01-21,ARI incidence,2026-02-08,4,FR,quantile,0.975,580.90
2026-01-21,ARI incidence,2026-01-18,1,FR,quantile,0.99,579.31
2026-01-21,ARI incidence,2026-01-25,2,FR,quantile,0.99,574.51
2026-01-21,ARI incidence,2026-02-01,3,FR,quantile,0.99,588.71
2026-01-21,ARI incidence,2026-02-08,4,FR,quantile,0.99,586.50
2026-01-21,ARI incidence,2026-01-18,1,IE,quantile,0.01,130.62
2026-01-21,ARI incidence,2026-01-25,2,IE,quantile,0.01,137.58
2026-01-21,ARI incidence,2026-02-01,3,IE,quantile,0.01,142.38
2026-01-21,ARI incidence,2026-02-08,4,IE,quantile,0.01,145.14
2026-01-21,ARI incidence,2026-01-18,1,IE,quantile,0.025,132.18
2026-01-21,ARI incidence,2026-01-25,2,IE,quantile,0.025,139.67
2026-01-21,ARI incidence,2026-02-01,3,IE,quantile,0.025,144.36
2026-01-21,ARI incidence,2026-02-08,4,IE,quantile,0.025,146.88
2026-01-21,ARI incidence,2026-01-18,1,IE,quantile,0.05,133.97
2026-01-21,ARI incidence,2026-01-25,2,IE,quantile,0.05,142.00
2026-01-21,ARI incidence,2026-02-01,3,IE,quantile,0.05,147.18
2026-01-21,ARI incidence,2026-02-08,4,IE,quantile,0.05,149.94
2026-01-21,ARI incidence,2026-01-18,1,IE,quantile,0.1,138.11
2026-01-21,ARI incidence,2026-01-25,2,IE,quantile,0.1,146.57
2026-01-21,ARI incidence,2026-02-01,3,IE,quantile,0.1,152.80
2026-01-21,ARI incidence,2026-02-08,4,IE,quantile,0.1,154.62
2026-01-21,ARI incidence,2026-01-18,1,IE,quantile,0.15,140.52
2026-01-21,ARI incidence,2026-01-25,2,IE,quantile,0.15,150.18
2026-01-21,ARI incidence,2026-02-01,3,IE,quantile,0.15,155.63
2026-01-21,ARI incidence,2026-02-08,4,IE,quantile,0.15,157.56
2026-01-21,ARI incidence,2026-01-18,1,IE,quantile,0.2,142.44
2026-01-21,ARI incidence,2026-01-25,2,IE,quantile,0.2,151.80
2026-01-21,ARI incidence,2026-02-01,3,IE,quantile,0.2,158.16
2026-01-21,ARI incidence,2026-02-08,4,IE,quantile,0.2,159.78
2026-01-21,ARI incidence,2026-01-18,1,IE,quantile,0.25,144.06
2026-01-21,ARI incidence,2026-01-25,2,IE,quantile,0.25,153.36
2026-01-21,ARI incidence,2026-02-01,3,IE,quantile,0.25,159.76
2026-01-21,ARI incidence,2026-02-08,4,IE,quantile,0.25,162.84
2026-01-21,ARI incidence,2026-01-18,1,IE,quantile,0.3,145.20
2026-01-21,ARI incidence,2026-01-25,2,IE,quantile,0.3,154.80
2026-01-21,ARI incidence,2026-02-01,3,IE,quantile,0.3,161.72
2026-01-21,ARI incidence,2026-02-08,4,IE,quantile,0.3,165.16
2026-01-21,ARI incidence,2026-01-18,1,IE,quantile,0.35,146.10
2026-01-21,ARI incidence,2026-01-25,2,IE,quantile,0.35,156.18
2026-01-21,ARI incidence,2026-02-01,3,IE,quantile,0.35,163.66
2026-01-21,ARI incidence,2026-02-08,4,IE,quantile,0.35,167.44
2026-01-21,ARI incidence,2026-01-18,1,IE,quantile,0.4,147.06
2026-01-21,ARI incidence,2026-01-25,2,IE,quantile,0.4,157.66
2026-01-21,ARI incidence,2026-02-01,3,IE,quantile,0.4,165.16
2026-01-21,ARI incidence,2026-02-08,4,IE,quantile,0.4,169.48
2026-01-21,ARI incidence,2026-01-18,1,IE,quantile,0.45,148.17
2026-01-21,ARI incidence,2026-01-25,2,IE,quantile,0.45,158.88
2026-01-21,ARI incidence,2026-02-01,3,IE,quantile,0.45,166.44
2026-01-21,ARI incidence,2026-02-08,4,IE,quantile,0.45,171.33
2026-01-21,ARI incidence,2026-01-18,1,IE,quantile,0.5,148.83
2026-01-21,ARI incidence,2026-01-25,2,IE,quantile,0.5,159.96
2026-01-21,ARI incidence,2026-02-01,3,IE,quantile,0.5,168.00
2026-01-21,ARI incidence,2026-02-08,4,IE,quantile,0.5,173.34
2026-01-21,ARI incidence,2026-01-18,1,IE,quantile,0.55,149.70
2026-01-21,ARI incidence,2026-01-25,2,IE,quantile,0.55,161.02
2026-01-21,ARI incidence,2026-02-01,3,IE,quantile,0.55,169.95
2026-01-21,ARI incidence,2026-02-08,4,IE,quantile,0.55,175.98
2026-01-21,ARI incidence,2026-01-18,1,IE,quantile,0.6,150.60
2026-01-21,ARI incidence,2026-01-25,2,IE,quantile,0.6,162.90
2026-01-21,ARI incidence,2026-02-01,3,IE,quantile,0.6,172.43
2026-01-21,ARI incidence,2026-02-08,4,IE,quantile,0.6,178.88
2026-01-21,ARI incidence,2026-01-18,1,IE,quantile,0.65,151.62
2026-01-21,ARI incidence,2026-01-25,2,IE,quantile,0.65,164.31
2026-01-21,ARI incidence,2026-02-01,3,IE,quantile,0.65,174.86
2026-01-21,ARI incidence,2026-02-08,4,IE,quantile,0.65,183.00
2026-01-21,ARI incidence,2026-01-18,1,IE,quantile,0.7,152.72
2026-01-21,ARI incidence,2026-01-25,2,IE,quantile,0.7,165.60
2026-01-21,ARI incidence,2026-02-01,3,IE,quantile,0.7,176.94
2026-01-21,ARI incidence,2026-02-08,4,IE,quantile,0.7,186.72
2026-01-21,ARI incidence,2026-01-18,1,IE,quantile,0.75,153.42
2026-01-21,ARI incidence,2026-01-25,2,IE,quantile,0.75,166.98
2026-01-21,ARI incidence,2026-02-01,3,IE,quantile,0.75,180.07
2026-01-21,ARI incidence,2026-02-08,4,IE,quantile,0.75,190.53
2026-01-21,ARI incidence,2026-01-18,1,IE,quantile,0.8,154.20
2026-01-21,ARI incidence,2026-01-25,2,IE,quantile,0.8,168.31
2026-01-21,ARI incidence,2026-02-01,3,IE,quantile,0.8,182.46
2026-01-21,ARI incidence,2026-02-08,4,IE,quantile,0.8,194.04
2026-01-21,ARI incidence,2026-01-18,1,IE,quantile,0.85,155.40
2026-01-21,ARI incidence,2026-01-25,2,IE,quantile,0.85,170.21
2026-01-21,ARI incidence,2026-02-01,3,IE,quantile,0.85,184.38
2026-01-21,ARI incidence,2026-02-08,4,IE,quantile,0.85,197.55
2026-01-21,ARI incidence,2026-01-18,1,IE,quantile,0.9,156.40
2026-01-21,ARI incidence,2026-01-25,2,IE,quantile,0.9,172.26
2026-01-21,ARI incidence,2026-02-01,3,IE,quantile,0.9,189.01
2026-01-21,ARI incidence,2026-02-08,4,IE,quantile,0.9,203.22
2026-01-21,ARI incidence,2026-01-18,1,IE,quantile,0.95,157.62
2026-01-21,ARI incidence,2026-01-25,2,IE,quantile,0.95,174.70
2026-01-21,ARI incidence,2026-02-01,3,IE,quantile,0.95,193.41
2026-01-21,ARI incidence,2026-02-08,4,IE,quantile,0.95,210.41
2026-01-21,ARI incidence,2026-01-18,1,IE,quantile,0.975,159.36
2026-01-21,ARI incidence,2026-01-25,2,IE,quantile,0.975,176.60
2026-01-21,ARI incidence,2026-02-01,3,IE,quantile,0.975,196.50
2026-01-21,ARI incidence,2026-02-08,4,IE,quantile,0.975,214.10
2026-01-21,ARI incidence,2026-01-18,1,IE,quantile,0.99,161.04
2026-01-21,ARI incidence,2026-01-25,2,IE,quantile,0.99,179.00
2026-01-21,ARI incidence,2026-02-01,3,IE,quantile,0.99,200.01
2026-01-21,ARI incidence,2026-02-08,4,IE,quantile,0.99,220.41
2026-01-21,ARI incidence,2026-01-18,1,IT,quantile,0.01,795.18
2026-01-21,ARI incidence,2026-01-25,2,IT,quantile,0.01,514.20
2026-01-21,ARI incidence,2026-02-01,3,IT,quantile,0.01,314.99
2026-01-21,ARI incidence,2026-02-08,4,IT,quantile,0.01,184.80
2026-01-21,ARI incidence,2026-01-18,1,IT,quantile,0.025,806.86
2026-01-21,ARI incidence,2026-01-25,2,IT,quantile,0.025,525.03
2026-01-21,ARI incidence,2026-02-01,3,IT,quantile,0.025,320.58
2026-01-21,ARI incidence,2026-02-08,4,IT,quantile,0.025,187.20
2026-01-21,ARI incidence,2026-01-18,1,IT,quantile,0.05,820.67
2026-01-21,ARI incidence,2026-01-25,2,IT,quantile,0.05,541.26
2026-01-21,ARI incidence,2026-02-01,3,IT,quantile,0.05,332.15
2026-01-21,ARI incidence,2026-02-08,4,IT,quantile,0.05,197.15
2026-01-21,ARI incidence,2026-01-18,1,IT,quantile,0.1,851.08
2026-01-21,ARI incidence,2026-01-25,2,IT,quantile,0.1,601.54
2026-01-21,ARI incidence,2026-02-01,3,IT,quantile,0.1,402.60
2026-01-21,ARI incidence,2026-02-08,4,IT,quantile,0.1,260.44
2026-01-21,ARI incidence,2026-01-18,1,IT,quantile,0.15,896.19
2026-01-21,ARI incidence,2026-01-25,2,IT,quantile,0.15,621.56
2026-01-21,ARI incidence,2026-02-01,3,IT,quantile,0.15,412.31
2026-01-21,ARI incidence,2026-02-08,4,IT,quantile,0.15,265.69
2026-01-21,ARI incidence,2026-01-18,1,IT,quantile,0.2,941.51
2026-01-21,ARI incidence,2026-01-25,2,IT,quantile,0.2,660.13
2026-01-21,ARI incidence,2026-02-01,3,IT,quantile,0.2,432.07
2026-01-21,ARI incidence,2026-02-08,4,IT,quantile,0.2,270.80
2026-01-21,ARI incidence,2026-01-18,1,IT,quantile,0.25,956.16
2026-01-21,ARI incidence,2026-01-25,2,IT,quantile,0.25,685.25
2026-01-21,ARI incidence,2026-02-01,3,IT,quantile,0.25,471.25
2026-01-21,ARI incidence,2026-02-08,4,IT,quantile,0.25,307.71
2026-01-21,ARI incidence,2026-01-18,1,IT,quantile,0.3,970.81
2026-01-21,ARI incidence,2026-01-25,2,IT,quantile,0.3,716.86
2026-01-21,ARI incidence,2026-02-01,3,IT,quantile,0.3,484.08
2026-01-21,ARI incidence,2026-02-08,4,IT,quantile,0.3,315.94
2026-01-21,ARI incidence,2026-01-18,1,IT,quantile,0.35,986.00
2026-01-21,ARI incidence,2026-01-25,2,IT,quantile,0.35,736.46
2026-01-21,ARI incidence,2026-02-01,3,IT,quantile,0.35,507.58
2026-01-21,ARI incidence,2026-02-08,4,IT,quantile,0.35,341.73
2026-01-21,ARI incidence,2026-01-18,1,IT,quantile,0.4,1007.84
2026-01-21,ARI incidence,2026-01-25,2,IT,quantile,0.4,752.64
2026-01-21,ARI incidence,2026-02-01,3,IT,quantile,0.4,541.87
2026-01-21,ARI incidence,2026-02-08,4,IT,quantile,0.4,367.62
2026-01-21,ARI incidence,2026-01-18,1,IT,quantile,0.45,1023.60
2026-01-21,ARI incidence,2026-01-25,2,IT,quantile,0.45,763.80
2026-01-21,ARI incidence,2026-02-01,3,IT,quantile,0.45,558.22
2026-01-21,ARI incidence,2026-02-08,4,IT,quantile,0.45,396.27
2026-01-21,ARI incidence,2026-01-18,1,IT,quantile,0.5,1039.08
2026-01-21,ARI incidence,2026-01-25,2,IT,quantile,0.5,777.25
2026-01-21,ARI incidence,2026-02-01,3,IT,quantile,0.5,567.68
2026-01-21,ARI incidence,2026-02-08,4,IT,quantile,0.5,402.95
2026-01-21,ARI incidence,2026-01-18,1,IT,quantile,0.55,1052.63
2026-01-21,ARI incidence,2026-01-25,2,IT,quantile,0.55,797.00
2026-01-21,ARI incidence,2026-02-01,3,IT,quantile,0.55,581.97
2026-01-21,ARI incidence,2026-02-08,4,IT,quantile,0.55,410.05
2026-01-21,ARI incidence,2026-01-18,1,IT,quantile,0.6,1062.68
2026-01-21,ARI incidence,2026-01-25,2,IT,quantile,0.6,813.74
2026-01-21,ARI incidence,2026-02-01,3,IT,quantile,0.6,596.00
2026-01-21,ARI incidence,2026-02-08,4,IT,quantile,0.6,417.84
2026-01-21,ARI incidence,2026-01-18,1,IT,quantile,0.65,1073.70
2026-01-21,ARI incidence,2026-01-25,2,IT,quantile,0.65,825.83
2026-01-21,ARI incidence,2026-02-01,3,IT,quantile,0.65,602.61
2026-01-21,ARI incidence,2026-02-08,4,IT,quantile,0.65,423.74
2026-01-21,ARI incidence,2026-01-18,1,IT,quantile,0.7,1084.85
2026-01-21,ARI incidence,2026-01-25,2,IT,quantile,0.7,834.46
2026-01-21,ARI incidence,2026-02-01,3,IT,quantile,0.7,609.13
2026-01-21,ARI incidence,2026-02-08,4,IT,quantile,0.7,429.29
2026-01-21,ARI incidence,2026-01-18,1,IT,quantile,0.75,1093.63
2026-01-21,ARI incidence,2026-01-25,2,IT,quantile,0.75,843.14
2026-01-21,ARI incidence,2026-02-01,3,IT,quantile,0.75,617.88
2026-01-21,ARI incidence,2026-02-08,4,IT,quantile,0.75,435.52
2026-01-21,ARI incidence,2026-01-18,1,IT,quantile,0.8,1102.25
2026-01-21,ARI incidence,2026-01-25,2,IT,quantile,0.8,850.73
2026-01-21,ARI incidence,2026-02-01,3,IT,quantile,0.8,628.36
2026-01-21,ARI incidence,2026-02-08,4,IT,quantile,0.8,445.08
2026-01-21,ARI incidence,2026-01-18,1,IT,quantile,0.85,1112.55
2026-01-21,ARI incidence,2026-01-25,2,IT,quantile,0.85,859.03
2026-01-21,ARI incidence,2026-02-01,3,IT,quantile,0.85,636.08
2026-01-21,ARI incidence,2026-02-08,4,IT,quantile,0.85,455.09
2026-01-21,ARI incidence,2026-01-18,1,IT,quantile,0.9,1130.11
2026-01-21,ARI incidence,2026-01-25,2,IT,quantile,0.9,872.01
2026-01-21,ARI incidence,2026-02-01,3,IT,quantile,0.9,648.71
2026-01-21,ARI incidence,2026-02-08,4,IT,quantile,0.9,467.02
2026-01-21,ARI incidence,2026-01-18,1,IT,quantile,0.95,1160.43
2026-01-21,ARI incidence,2026-01-25,2,IT,quantile,0.95,906.51
2026-01-21,ARI incidence,2026-02-01,3,IT,quantile,0.95,674.33
2026-01-21,ARI incidence,2026-02-08,4,IT,quantile,0.95,481.62
2026-01-21,ARI incidence,2026-01-18,1,IT,quantile,0.975,1181.30
2026-01-21,ARI incidence,2026-01-25,2,IT,quantile,0.975,921.20
2026-01-21,ARI incidence,2026-02-01,3,IT,quantile,0.975,684.40
2026-01-21,ARI incidence,2026-02-08,4,IT,quantile,0.975,488.11
2026-01-21,ARI incidence,2026-01-18,1,IT,quantile,0.99,1191.40
2026-01-21,ARI incidence,2026-01-25,2,IT,quantile,0.99,928.41
2026-01-21,ARI incidence,2026-02-01,3,IT,quantile,0.99,690.82
2026-01-21,ARI incidence,2026-02-08,4,IT,quantile,0.99,497.40
2026-01-21,ARI incidence,2026-01-18,1,LT,quantile,0.01,289.44
2026-01-21,ARI incidence,2026-01-25,2,LT,quantile,0.01,208.74
2026-01-21,ARI incidence,2026-02-01,3,LT,quantile,0.01,146.58
2026-01-21,ARI incidence,2026-02-08,4,LT,quantile,0.01,100.38
2026-01-21,ARI incidence,2026-01-18,1,LT,quantile,0.025,293.15
2026-01-21,ARI incidence,2026-01-25,2,LT,quantile,0.025,211.92
2026-01-21,ARI incidence,2026-02-01,3,LT,quantile,0.025,148.44
2026-01-21,ARI incidence,2026-02-08,4,LT,quantile,0.025,102.42
2026-01-21,ARI incidence,2026-01-18,1,LT,quantile,0.05,296.44
2026-01-21,ARI incidence,2026-01-25,2,LT,quantile,0.05,219.66
2026-01-21,ARI incidence,2026-02-01,3,LT,quantile,0.05,159.35
2026-01-21,ARI incidence,2026-02-08,4,LT,quantile,0.05,111.53
2026-01-21,ARI incidence,2026-01-18,1,LT,quantile,0.1,312.26
2026-01-21,ARI incidence,2026-01-25,2,LT,quantile,0.1,232.92
2026-01-21,ARI incidence,2026-02-01,3,LT,quantile,0.1,168.53
2026-01-21,ARI incidence,2026-02-08,4,LT,quantile,0.1,118.42
2026-01-21,ARI incidence,2026-01-18,1,LT,quantile,0.15,351.24
2026-01-21,ARI incidence,2026-01-25,2,LT,quantile,0.15,270.88
2026-01-21,ARI incidence,2026-02-01,3,LT,quantile,0.15,199.62
2026-01-21,ARI incidence,2026-02-08,4,LT,quantile,0.15,142.13
2026-01-21,ARI incidence,2026-01-18,1,LT,quantile,0.2,360.82
2026-01-21,ARI incidence,2026-01-25,2,LT,quantile,0.2,278.76
2026-01-21,ARI incidence,2026-02-01,3,LT,quantile,0.2,207.28
2026-01-21,ARI incidence,2026-02-08,4,LT,quantile,0.2,147.50
2026-01-21,ARI incidence,2026-01-18,1,LT,quantile,0.25,366.27
2026-01-21,ARI incidence,2026-01-25,2,LT,quantile,0.25,283.53
2026-01-21,ARI incidence,2026-02-01,3,LT,quantile,0.25,210.52
2026-01-21,ARI incidence,2026-02-08,4,LT,quantile,0.25,150.42
2026-01-21,ARI incidence,2026-01-18,1,LT,quantile,0.3,372.01
2026-01-21,ARI incidence,2026-01-25,2,LT,quantile,0.3,287.34
2026-01-21,ARI incidence,2026-02-01,3,LT,quantile,0.3,213.10
2026-01-21,ARI incidence,2026-02-08,4,LT,quantile,0.3,152.22
2026-01-21,ARI incidence,2026-01-18,1,LT,quantile,0.35,379.98
2026-01-21,ARI incidence,2026-01-25,2,LT,quantile,0.35,290.38
2026-01-21,ARI incidence,2026-02-01,3,LT,quantile,0.35,215.88
2026-01-21,ARI incidence,2026-02-08,4,LT,quantile,0.35,154.36
2026-01-21,ARI incidence,2026-01-18,1,LT,quantile,0.4,390.43
2026-01-21,ARI incidence,2026-01-25,2,LT,quantile,0.4,296.57
2026-01-21,ARI incidence,2026-02-01,3,LT,quantile,0.4,218.71
2026-01-21,ARI incidence,2026-02-08,4,LT,quantile,0.4,156.06
2026-01-21,ARI incidence,2026-01-18,1,LT,quantile,0.45,400.02
2026-01-21,ARI incidence,2026-01-25,2,LT,quantile,0.45,304.99
2026-01-21,ARI incidence,2026-02-01,3,LT,quantile,0.45,222.43
2026-01-21,ARI incidence,2026-02-08,4,LT,quantile,0.45,157.81
2026-01-21,ARI incidence,2026-01-18,1,LT,quantile,0.5,411.06
2026-01-21,ARI incidence,2026-01-25,2,LT,quantile,0.5,313.95
2026-01-21,ARI incidence,2026-02-01,3,LT,quantile,0.5,227.43
2026-01-21,ARI incidence,2026-02-08,4,LT,quantile,0.5,161.34
2026-01-21,ARI incidence,2026-01-18,1,LT,quantile,0.55,420.19
2026-01-21,ARI incidence,2026-01-25,2,LT,quantile,0.55,327.50
2026-01-21,ARI incidence,2026-02-01,3,LT,quantile,0.55,250.63
2026-01-21,ARI incidence,2026-02-08,4,LT,quantile,0.55,178.31
2026-01-21,ARI incidence,2026-01-18,1,LT,quantile,0.6,429.30
2026-01-21,ARI incidence,2026-01-25,2,LT,quantile,0.6,343.86
2026-01-21,ARI incidence,2026-02-01,3,LT,quantile,0.6,263.42
2026-01-21,ARI incidence,2026-02-08,4,LT,quantile,0.6,190.28
2026-01-21,ARI incidence,2026-01-18,1,LT,quantile,0.65,444.60
2026-01-21,ARI incidence,2026-01-25,2,LT,quantile,0.65,351.94
2026-01-21,ARI incidence,2026-02-01,3,LT,quantile,0.65,267.72
2026-01-21,ARI incidence,2026-02-08,4,LT,quantile,0.65,193.64
2026-01-21,ARI incidence,2026-01-18,1,LT,quantile,0.7,458.65
2026-01-21,ARI incidence,2026-01-25,2,LT,quantile,0.7,357.72
2026-01-21,ARI incidence,2026-02-01,3,LT,quantile,0.7,270.78
2026-01-21,ARI incidence,2026-02-08,4,LT,quantile,0.7,197.22
2026-01-21,ARI incidence,2026-01-18,1,LT,quantile,0.75,464.70
2026-01-21,ARI incidence,2026-01-25,2,LT,quantile,0.75,362.12
2026-01-21,ARI incidence,2026-02-01,3,LT,quantile,0.75,274.00
2026-01-21,ARI incidence,2026-02-08,4,LT,quantile,0.75,200.25
2026-01-21,ARI incidence,2026-01-18,1,LT,quantile,0.8,470.71
2026-01-21,ARI incidence,2026-01-25,2,LT,quantile,0.8,368.40
2026-01-21,ARI incidence,2026-02-01,3,LT,quantile,0.8,277.98
2026-01-21,ARI incidence,2026-02-08,4,LT,quantile,0.8,204.06
2026-01-21,ARI incidence,2026-01-18,1,LT,quantile,0.85,480.39
2026-01-21,ARI incidence,2026-01-25,2,LT,quantile,0.85,375.06
2026-01-21,ARI incidence,2026-02-01,3,LT,quantile,0.85,282.41
2026-01-21,ARI incidence,2026-02-08,4,LT,quantile,0.85,210.37
2026-01-21,ARI incidence,2026-01-18,1,LT,quantile,0.9,495.43
2026-01-21,ARI incidence,2026-01-25,2,LT,quantile,0.9,385.44
2026-01-21,ARI incidence,2026-02-01,3,LT,quantile,0.9,291.81
2026-01-21,ARI incidence,2026-02-08,4,LT,quantile,0.9,219.55
2026-01-21,ARI incidence,2026-01-18,1,LT,quantile,0.95,512.45
2026-01-21,ARI incidence,2026-01-25,2,LT,quantile,0.95,425.58
2026-01-21,ARI incidence,2026-02-01,3,LT,quantile,0.95,341.08
2026-01-21,ARI incidence,2026-02-08,4,LT,quantile,0.95,263.89
2026-01-21,ARI incidence,2026-01-18,1,LT,quantile,0.975,525.86
2026-01-21,ARI incidence,2026-01-25,2,LT,quantile,0.975,438.30
2026-01-21,ARI incidence,2026-02-01,3,LT,quantile,0.975,349.21
2026-01-21,ARI incidence,2026-02-08,4,LT,quantile,0.975,269.35
2026-01-21,ARI incidence,2026-01-18,1,LT,quantile,0.99,544.20
2026-01-21,ARI incidence,2026-01-25,2,LT,quantile,0.99,446.23
2026-01-21,ARI incidence,2026-02-01,3,LT,quantile,0.99,353.82
2026-01-21,ARI incidence,2026-02-08,4,LT,quantile,0.99,271.80
2026-01-21,ARI incidence,2026-01-18,1,RO,quantile,0.01,177.42
2026-01-21,ARI incidence,2026-01-25,2,RO,quantile,0.01,118.14
2026-01-21,ARI incidence,2026-02-01,3,RO,quantile,0.01,77.40
2026-01-21,ARI incidence,2026-02-08,4,RO,quantile,0.01,49.62
2026-01-21,ARI incidence,2026-01-18,1,RO,quantile,0.025,180.16
2026-01-21,ARI incidence,2026-01-25,2,RO,quantile,0.025,120.29
2026-01-21,ARI incidence,2026-02-01,3,RO,quantile,0.025,78.72
2026-01-21,ARI incidence,2026-02-08,4,RO,quantile,0.025,50.70
2026-01-21,ARI incidence,2026-01-18,1,RO,quantile,0.05,197.97
2026-01-21,ARI incidence,2026-01-25,2,RO,quantile,0.05,131.88
2026-01-21,ARI incidence,2026-02-01,3,RO,quantile,0.05,85.72
2026-01-21,ARI incidence,2026-02-08,4,RO,quantile,0.05,54.11
2026-01-21,ARI incidence,2026-01-18,1,RO,quantile,0.1,207.72
2026-01-21,ARI incidence,2026-01-25,2,RO,quantile,0.1,139.25
2026-01-21,ARI incidence,2026-02-01,3,RO,quantile,0.1,91.90
2026-01-21,ARI incidence,2026-02-08,4,RO,quantile,0.1,59.70
2026-01-21,ARI incidence,2026-01-18,1,RO,quantile,0.15,214.22
2026-01-21,ARI incidence,2026-01-25,2,RO,quantile,0.15,143.75
2026-01-21,ARI incidence,2026-02-01,3,RO,quantile,0.15,95.22
2026-01-21,ARI incidence,2026-02-08,4,RO,quantile,0.15,61.86
2026-01-21,ARI incidence,2026-01-18,1,RO,quantile,0.2,246.59
2026-01-21,ARI incidence,2026-01-25,2,RO,quantile,0.2,163.70
2026-01-21,ARI incidence,2026-02-01,3,RO,quantile,0.2,105.14
2026-01-21,ARI incidence,2026-02-08,4,RO,quantile,0.2,66.05
2026-01-21,ARI incidence,2026-01-18,1,RO,quantile,0.25,266.28
2026-01-21,ARI incidence,2026-01-25,2,RO,quantile,0.25,179.50
2026-01-21,ARI incidence,2026-02-01,3,RO,quantile,0.25,117.45
2026-01-21,ARI incidence,2026-02-08,4,RO,quantile,0.25,74.52
2026-01-21,ARI incidence,2026-01-18,1,RO,quantile,0.3,289.40
2026-01-21,ARI incidence,2026-01-25,2,RO,quantile,0.3,208.70
2026-01-21,ARI incidence,2026-02-01,3,RO,quantile,0.3,146.47
2026-01-21,ARI incidence,2026-02-08,4,RO,quantile,0.3,100.33
2026-01-21,ARI incidence,2026-01-18,1,RO,quantile,0.35,298.02
2026-01-21,ARI incidence,2026-01-25,2,RO,quantile,0.35,221.45
2026-01-21,ARI incidence,2026-02-01,3,RO,quantile,0.35,159.90
2026-01-21,ARI incidence,2026-02-08,4,RO,quantile,0.35,110.54
2026-01-21,ARI incidence,2026-01-18,1,RO,quantile,0.4,316.42
2026-01-21,ARI incidence,2026-01-25,2,RO,quantile,0.4,232.90
2026-01-21,ARI incidence,2026-02-01,3,RO,quantile,0.4,167.39
2026-01-21,ARI incidence,2026-02-08,4,RO,quantile,0.4,117.42
2026-01-21,ARI incidence,2026-01-18,1,RO,quantile,0.45,331.58
2026-01-21,ARI incidence,2026-01-25,2,RO,quantile,0.45,243.50
2026-01-21,ARI incidence,2026-02-01,3,RO,quantile,0.45,175.61
2026-01-21,ARI incidence,2026-02-08,4,RO,quantile,0.45,123.14
2026-01-21,ARI incidence,2026-01-18,1,RO,quantile,0.5,364.95
2026-01-21,ARI incidence,2026-01-25,2,RO,quantile,0.5,281.58
2026-01-21,ARI incidence,2026-02-01,3,RO,quantile,0.5,209.37
2026-01-21,ARI incidence,2026-02-08,4,RO,quantile,0.5,148.62
2026-01-21,ARI incidence,2026-01-18,1,RO,quantile,0.55,373.83
2026-01-21,ARI incidence,2026-01-25,2,RO,quantile,0.55,288.18
2026-01-21,ARI incidence,2026-02-01,3,RO,quantile,0.55,213.86
2026-01-21,ARI incidence,2026-02-08,4,RO,quantile,0.55,153.03
2026-01-21,ARI incidence,2026-01-18,1,RO,quantile,0.6,385.64
2026-01-21,ARI incidence,2026-01-25,2,RO,quantile,0.6,295.45
2026-01-21,ARI incidence,2026-02-01,3,RO,quantile,0.6,218.60
2026-01-21,ARI incidence,2026-02-08,4,RO,quantile,0.6,156.08
2026-01-21,ARI incidence,2026-01-18,1,RO,quantile,0.65,419.28
2026-01-21,ARI incidence,2026-01-25,2,RO,quantile,0.65,311.03
2026-01-21,ARI incidence,2026-02-01,3,RO,quantile,0.65,225.64
2026-01-21,ARI incidence,2026-02-08,4,RO,quantile,0.65,161.00
2026-01-21,ARI incidence,2026-01-18,1,RO,quantile,0.7,443.80
2026-01-21,ARI incidence,2026-01-25,2,RO,quantile,0.7,339.11
2026-01-21,ARI incidence,2026-02-01,3,RO,quantile,0.7,250.07
2026-01-21,ARI incidence,2026-02-08,4,RO,quantile,0.7,178.67
2026-01-21,ARI incidence,2026-01-18,1,RO,quantile,0.75,454.21
2026-01-21,ARI incidence,2026-01-25,2,RO,quantile,0.75,350.40
2026-01-21,ARI incidence,2026-02-01,3,RO,quantile,0.75,259.89
2026-01-21,ARI incidence,2026-02-08,4,RO,quantile,0.75,185.30
2026-01-21,ARI incidence,2026-01-18,1,RO,quantile,0.8,462.44
2026-01-21,ARI incidence,2026-01-25,2,RO,quantile,0.8,358.22
2026-01-21,ARI incidence,2026-02-01,3,RO,quantile,0.8,266.04
2026-01-21,ARI incidence,2026-02-08,4,RO,quantile,0.8,190.63
2026-01-21,ARI incidence,2026-01-18,1,RO,quantile,0.85,470.30
2026-01-21,ARI incidence,2026-01-25,2,RO,quantile,0.85,363.21
2026-01-21,ARI incidence,2026-02-01,3,RO,quantile,0.85,270.54
2026-01-21,ARI incidence,2026-02-08,4,RO,quantile,0.85,195.18
2026-01-21,ARI incidence,2026-01-18,1,RO,quantile,0.9,479.67
2026-01-21,ARI incidence,2026-01-25,2,RO,quantile,0.9,370.30
2026-01-21,ARI incidence,2026-02-01,3,RO,quantile,0.9,276.21
2026-01-21,ARI incidence,2026-02-08,4,RO,quantile,0.9,200.60
2026-01-21,ARI incidence,2026-01-18,1,RO,quantile,0.95,492.11
2026-01-21,ARI incidence,2026-01-25,2,RO,quantile,0.95,380.70
2026-01-21,ARI incidence,2026-02-01,3,RO,quantile,0.95,283.07
2026-01-21,ARI incidence,2026-02-08,4,RO,quantile,0.95,209.60
2026-01-21,ARI incidence,2026-01-18,1,RO,quantile,0.975,534.14
2026-01-21,ARI incidence,2026-01-25,2,RO,quantile,0.975,412.23
2026-01-21,ARI incidence,2026-02-01,3,RO,quantile,0.975,307.00
2026-01-21,ARI incidence,2026-02-08,4,RO,quantile,0.975,222.44
2026-01-21,ARI incidence,2026-01-18,1,RO,quantile,0.99,549.55
2026-01-21,ARI incidence,2026-01-25,2,RO,quantile,0.99,429.38
2026-01-21,ARI incidence,2026-02-01,3,RO,quantile,0.99,321.15
2026-01-21,ARI incidence,2026-02-08,4,RO,quantile,0.99,234.61
2026-01-21,ARI incidence,2026-01-18,1,SI,quantile,0.01,213.95
2026-01-21,ARI incidence,2026-01-25,2,SI,quantile,0.01,101.03
2026-01-21,ARI incidence,2026-02-01,3,SI,quantile,0.01,45.78
2026-01-21,ARI incidence,2026-02-08,4,SI,quantile,0.01,20.70
2026-01-21,ARI incidence,2026-01-18,1,SI,quantile,0.025,218.76
2026-01-21,ARI incidence,2026-01-25,2,SI,quantile,0.025,103.31
2026-01-21,ARI incidence,2026-02-01,3,SI,quantile,0.025,47.34
2026-01-21,ARI incidence,2026-02-08,4,SI,quantile,0.025,21.54
2026-01-21,ARI incidence,2026-01-18,1,SI,quantile,0.05,235.71
2026-01-21,ARI incidence,2026-01-25,2,SI,quantile,0.05,114.66
2026-01-21,ARI incidence,2026-02-01,3,SI,quantile,0.05,54.53
2026-01-21,ARI incidence,2026-02-08,4,SI,quantile,0.05,25.43
2026-01-21,ARI incidence,2026-01-18,1,SI,quantile,0.1,267.18
2026-01-21,ARI incidence,2026-01-25,2,SI,quantile,0.1,129.82
2026-01-21,ARI incidence,2026-02-01,3,SI,quantile,0.1,62.93
2026-01-21,ARI incidence,2026-02-08,4,SI,quantile,0.1,29.46
2026-01-21,ARI incidence,2026-01-18,1,SI,quantile,0.15,299.73
2026-01-21,ARI incidence,2026-01-25,2,SI,quantile,0.15,145.56
2026-01-21,ARI incidence,2026-02-01,3,SI,quantile,0.15,68.70
2026-01-21,ARI incidence,2026-02-08,4,SI,quantile,0.15,32.03
2026-01-21,ARI incidence,2026-01-18,1,SI,quantile,0.2,330.02
2026-01-21,ARI incidence,2026-01-25,2,SI,quantile,0.2,172.03
2026-01-21,ARI incidence,2026-02-01,3,SI,quantile,0.2,87.30
2026-01-21,ARI incidence,2026-02-08,4,SI,quantile,0.2,42.59
2026-01-21,ARI incidence,2026-01-18,1,SI,quantile,0.25,335.22
2026-01-21,ARI incidence,2026-01-25,2,SI,quantile,0.25,174.56
2026-01-21,ARI incidence,2026-02-01,3,SI,quantile,0.25,88.62
2026-01-21,ARI incidence,2026-02-08,4,SI,quantile,0.25,43.78
2026-01-21,ARI incidence,2026-01-18,1,SI,quantile,0.3,339.60
2026-01-21,ARI incidence,2026-01-25,2,SI,quantile,0.3,176.92
2026-01-21,ARI incidence,2026-02-01,3,SI,quantile,0.3,90.00
2026-01-21,ARI incidence,2026-02-08,4,SI,quantile,0.3,44.52
2026-01-21,ARI incidence,2026-01-18,1,SI,quantile,0.35,344.02
2026-01-21,ARI incidence,2026-01-25,2,SI,quantile,0.35,179.78
2026-01-21,ARI incidence,2026-02-01,3,SI,quantile,0.35,91.60
2026-01-21,ARI incidence,2026-02-08,4,SI,quantile,0.35,45.36
2026-01-21,ARI incidence,2026-01-18,1,SI,quantile,0.4,348.06
2026-01-21,ARI incidence,2026-01-25,2,SI,quantile,0.4,182.16
2026-01-21,ARI incidence,2026-02-01,3,SI,quantile,0.4,93.06
2026-01-21,ARI incidence,2026-02-08,4,SI,quantile,0.4,46.26
2026-01-21,ARI incidence,2026-01-18,1,SI,quantile,0.45,354.19
2026-01-21,ARI incidence,2026-01-25,2,SI,quantile,0.45,185.59
2026-01-21,ARI incidence,2026-02-01,3,SI,quantile,0.45,95.19
2026-01-21,ARI incidence,2026-02-08,4,SI,quantile,0.45,47.49
2026-01-21,ARI incidence,2026-01-18,1,SI,quantile,0.5,363.93
2026-01-21,ARI incidence,2026-01-25,2,SI,quantile,0.5,191.28
2026-01-21,ARI incidence,2026-02-01,3,SI,quantile,0.5,98.13
2026-01-21,ARI incidence,2026-02-08,4,SI,quantile,0.5,48.99
2026-01-21,ARI incidence,2026-01-18,1,SI,quantile,0.55,374.03
2026-01-21,ARI incidence,2026-01-25,2,SI,quantile,0.55,196.95
2026-01-21,ARI incidence,2026-02-01,3,SI,quantile,0.55,100.94
2026-01-21,ARI incidence,2026-02-08,4,SI,quantile,0.55,50.82
2026-01-21,ARI incidence,2026-01-18,1,SI,quantile,0.6,382.76
2026-01-21,ARI incidence,2026-01-25,2,SI,quantile,0.6,203.14
2026-01-21,ARI incidence,2026-02-01,3,SI,quantile,0.6,104.54
2026-01-21,ARI incidence,2026-02-08,4,SI,quantile,0.6,53.60
2026-01-21,ARI incidence,2026-01-18,1,SI,quantile,0.65,403.37
2026-01-21,ARI incidence,2026-01-25,2,SI,quantile,0.65,223.88
2026-01-21,ARI incidence,2026-02-01,3,SI,quantile,0.65,121.24
2026-01-21,ARI incidence,2026-02-08,4,SI,quantile,0.65,63.90
2026-01-21,ARI incidence,2026-01-18,1,SI,quantile,0.7,411.40
2026-01-21,ARI incidence,2026-01-25,2,SI,quantile,0.7,228.26
2026-01-21,ARI incidence,2026-02-01,3,SI,quantile,0.7,123.54
2026-01-21,ARI incidence,2026-02-08,4,SI,quantile,0.7,65.42
2026-01-21,ARI incidence,2026-01-18,1,SI,quantile,0.75,417.85
2026-01-21,ARI incidence,2026-01-25,2,SI,quantile,0.75,233.19
2026-01-21,ARI incidence,2026-02-01,3,SI,quantile,0.75,126.95
2026-01-21,ARI incidence,2026-02-08,4,SI,quantile,0.75,67.20
2026-01-21,ARI incidence,2026-01-18,1,SI,quantile,0.8,426.58
2026-01-21,ARI incidence,2026-01-25,2,SI,quantile,0.8,239.35
2026-01-21,ARI incidence,2026-02-01,3,SI,quantile,0.8,130.15
2026-01-21,ARI incidence,2026-02-08,4,SI,quantile,0.8,68.82
2026-01-21,ARI incidence,2026-01-18,1,SI,quantile,0.85,434.02
2026-01-21,ARI incidence,2026-01-25,2,SI,quantile,0.85,243.67
2026-01-21,ARI incidence,2026-02-01,3,SI,quantile,0.85,132.19
2026-01-21,ARI incidence,2026-02-08,4,SI,quantile,0.85,70.20
2026-01-21,ARI incidence,2026-01-18,1,SI,quantile,0.9,449.07
2026-01-21,ARI incidence,2026-01-25,2,SI,quantile,0.9,247.81
2026-01-21,ARI incidence,2026-02-01,3,SI,quantile,0.9,135.14
2026-01-21,ARI incidence,2026-02-08,4,SI,quantile,0.9,72.12
2026-01-21,ARI incidence,2026-01-18,1,SI,quantile,0.95,466.32
2026-01-21,ARI incidence,2026-01-25,2,SI,quantile,0.95,270.01
2026-01-21,ARI incidence,2026-02-01,3,SI,quantile,0.95,153.85
2026-01-21,ARI incidence,2026-02-08,4,SI,quantile,0.95,85.80
2026-01-21,ARI incidence,2026-01-18,1,SI,quantile,0.975,474.38
2026-01-21,ARI incidence,2026-01-25,2,SI,quantile,0.975,276.07
2026-01-21,ARI incidence,2026-02-01,3,SI,quantile,0.975,157.08
2026-01-21,ARI incidence,2026-02-08,4,SI,quantile,0.975,88.08
2026-01-21,ARI incidence,2026-01-18,1,SI,quantile,0.99,479.41
2026-01-21,ARI incidence,2026-01-25,2,SI,quantile,0.99,279.48
2026-01-21,ARI incidence,2026-02-01,3,SI,quantile,0.99,159.48
2026-01-21,ARI incidence,2026-02-08,4,SI,quantile,0.99,89.10
